player_id,ppr_points_total,name,position,team,season
00-0034796,471.54,Lamar Jackson,QB,BAL,2024
00-0034844,455.7,Saquon Barkley,RB,PHI,2024
00-0034857,444.98,Josh Allen,QB,BUF,2024
00-0039910,428.2,Jayden Daniels,QB,WAS,2024
00-0036389,411.56,Jalen Hurts,QB,PHI,2024
00-0036900,403.0,Ja'Marr Chase,WR,CIN,2024
00-0039139,398.4,Jahmyr Gibbs,RB,DET,2024
00-0034855,381.5,Baker Mayfield,QB,TB,2024
00-0032764,381.4,Derrick Henry,RB,BAL,2024
00-0036442,372.82,Joe Burrow,QB,CIN,2024
00-0033873,348.38,Patrick Mahomes,QB,KC,2024
00-0038542,341.7,Bijan Robinson,RB,ATL,2024
00-0036963,337.88,Amon-Ra St. Brown,WR,DET,2024
00-0033106,333.68,Jared Goff,QB,DET,2024
00-0039732,331.26,Bo Nix,QB,DEN,2024
00-0036322,328.28,Justin Jefferson,WR,MIN,2024
00-0037248,324.3,James Cook,RB,BUF,2024
00-0035659,322.5,Terry McLaurin,WR,WAS,2024
00-0034869,319.66,Sam Darnold,QB,MIN,2024
00-0035700,314.2,Josh Jacobs,RB,GB,2024
00-0039040,299.9,Devon Achane,RB,MIA,2024
00-0037840,299.8,Kyren Williams,RB,LA,2024
00-0035228,297.24,Kyler Murray,QB,ARI,2024
00-0036355,291.08,Justin Herbert,QB,LAC,2024
00-0039893,284.0,Brian Thomas,WR,JAX,2024
00-0037238,280.8,Drake London,WR,ATL,2024
00-0039915,275.6,Ladd McConkey,WR,LAC,2024
00-0033897,275.4,Joe Mixon,RB,HOU,2024
00-0039337,273.6,Malik Nabers,WR,NYG,2024
00-0037834,266.86,Brock Purdy,QB,SF,2024
00-0030565,266.0,Geno Smith,QB,SEA,2024
00-0033906,265.3,Alvin Kamara,RB,NO,2024
00-0036358,263.40000000000003,CeeDee Lamb,WR,DAL,2024
00-0039338,262.7,Brock Bowers,TE,LV,2024
00-0031408,262.6,Mike Evans,WR,TB,2024
00-0039361,260.7,Bucky Irving,RB,TB,2024
00-0035676,257.2,A.J. Brown,WR,PHI,2024
00-0023459,256.58,Aaron Rodgers,QB,NYJ,2024
00-0038597,255.0,Chase Brown,RB,CIN,2024
00-0039918,254.54,Caleb Williams,QB,CHI,2024
00-0033553,253.8,James Conner,RB,ARI,2024
00-0039894,253.7,Xavier Worthy,WR,KC,2024
00-0038543,253.0,Jaxon Smith-Njigba,WR,SEA,2024
00-0034348,252.8,Courtland Sutton,WR,DEN,2024
00-0037740,251.9,Garrett Wilson,WR,NYJ,2024
00-0039163,251.86,C.J. Stroud,QB,HOU,2024
00-0033293,250.6,Aaron Jones,RB,MIN,2024
00-0026498,250.3,Matthew Stafford,QB,LA,2024
00-0036554,248.9,Nico Collins,WR,HOU,2024
00-0036223,244.7,Jonathan Taylor,RB,IND,2024
00-0037744,243.8,Trey McBride,TE,ARI,2024
00-0036555,241.6,Chuba Hubbard,RB,CAR,2024
00-0031381,241.29999999999998,Davante Adams,WR,LV,2024
00-0036407,240.9,Jerry Jeudy,WR,CLE,2024
00-0038120,240.9,Breece Hall,RB,NYJ,2024
00-0036912,240.4,DeVonta Smith,WR,PHI,2024
00-0034827,238.1,D.J. Moore,WR,CHI,2024
00-0036264,237.34,Jordan Love,QB,GB,2024
00-0033288,236.6,George Kittle,TE,SF,2024
00-0039075,232.4,Puka Nacua,WR,LA,2024
00-0030506,231.9,Travis Kelce,TE,KC,2024
00-0035685,225.32,David Montgomery,RB,DET,2024
00-0037240,225.2,Jameson Williams,WR,DET,2024
00-0033858,222.3,Jonnu Smith,TE,MIA,2024
00-0036410,222.1,Tee Higgins,WR,CIN,2024
00-0038994,218.4,Jordan Addison,WR,MIN,2024
00-0033040,218.2,Tyreek Hill,WR,MIA,2024
00-0034960,218.0,Jakobi Meyers,WR,LV,2024
00-0037261,217.9,Khalil Shakir,WR,BUF,2024
00-0030061,216.9,Zach Ertz,TE,WAS,2024
00-0036275,214.5,D'Andre Swift,RB,CHI,2024
00-0036893,213.4,Najee Harris,RB,PIT,2024
00-0036259,210.5,Jauan Jennings,WR,SF,2024
00-0039064,209.5,Zay Flowers,WR,BAL,2024
00-0039146,205.6,Jayden Reed,WR,GB,2024
00-0034753,203.4,Mark Andrews,TE,BAL,2024
00-0037256,203.1,Rachaad White,RB,TB,2024
00-0036550,201.60000000000002,Rashod Bateman,WR,BAL,2024
00-0035261,200.7,Tony Pollard,RB,TEN,2024
00-0034837,199.20000000000002,Calvin Ridley,WR,TEN,2024
00-0036139,197.8,Rico Dowdle,RB,DAL,2024
00-0039849,196.5,Marvin Harrison,WR,ARI,2024
00-0039150,195.02,Bryce Young,QB,CAR,2024
00-0036158,194.4,J.K. Dobbins,RB,LAC,2024
00-0036309,193.2,Darnell Mooney,WR,ATL,2024
00-0029263,192.18,Russell Wilson,QB,PIT,2024
00-0039065,191.7,Sam LaPorta,TE,DET,2024
00-0035640,191.2,DK Metcalf,WR,SEA,2024
00-0037746,190.9,Brian Robinson,RB,WAS,2024
00-0033908,190.0,Cooper Kupp,WR,LA,2024
00-0039165,186.9,Zach Charbonnet,RB,SEA,2024
00-0030279,184.4,Keenan Allen,WR,CHI,2024
00-0037247,184.1,George Pickens,WR,PIT,2024
00-0038997,183.5,Josh Downs,WR,IND,2024
00-0033923,183.4,Kareem Hunt,RB,KC,2024
00-0038117,182.70000000000002,Wan'Dale Robinson,WR,NYG,2024
00-0039384,182.3,Tyrone Tracy,RB,NYG,2024
00-0036212,181.57999999999998,Tua Tagovailoa,QB,MIA,2024
00-0038134,181.2,Kenneth Walker,RB,SEA,2024
00-0039851,177.14000000000001,Drake Maye,QB,NE,2024
00-0029604,176.32,Kirk Cousins,QB,ATL,2024
00-0036875,175.9,Rhamondre Stevenson,RB,NE,2024
00-0036894,174.8,Pat Freiermuth,TE,PIT,2024
00-0038544,174.70000000000002,Quentin Johnston,WR,LAC,2024
00-0038996,171.9,Tucker Kraft,TE,GB,2024
00-0036252,165.8,Michael Pittman,WR,IND,2024
00-0036997,164.20000000000002,Javonte Williams,RB,DEN,2024
00-0039164,163.35999999999999,Anthony Richardson,QB,IND,2024
00-0037664,161.4,Alec Pierce,WR,IND,2024
00-0030564,160.9,DeAndre Hopkins,WR,TEN,2024
00-0033699,159.6,Austin Ekeler,RB,WAS,2024
00-0035719,155.6,Deebo Samuel,WR,SF,2024
00-0037666,152.0,Jalen Tolbert,WR,DAL,2024
00-0031280,150.9,Derek Carr,QB,NO,2024
00-0036613,149.6,Jaylen Waddle,WR,MIA,2024
00-0034351,149.4,Dallas Goedert,TE,PHI,2024
00-0037838,149.3,Isaiah Likely,TE,BAL,2024
00-0033885,148.5,David Njoku,TE,CLE,2024
00-0038621,147.7,Demario Douglas,WR,NE,2024
00-0034975,147.3,Justice Hill,RB,BAL,2024
00-0038129,145.8,Cade Otton,TE,TB,2024
00-0033090,145.4,Hunter Henry,TE,NE,2024
00-0036971,145.2,Trevor Lawrence,QB,JAX,2024
00-0039919,144.9,Rome Odunze,WR,CHI,2024
00-0034407,142.5,Ray-Ray McCloud,WR,ATL,2024
00-0034829,141.5,Mike Gesicki,TE,CIN,2024
00-0039855,141.5,Jalen McMillan,WR,TB,2024
00-0038977,140.0,Tank Dell,WR,HOU,2024
00-0030035,139.5,Adam Thielen,WR,CAR,2024
00-0033921,137.8,Chris Godwin,WR,TB,2024
00-0034972,137.4,Alexander Mattison,RB,LV,2024
00-0032775,137.2,Demarcus Robinson,WR,LA,2024
00-0036182,135.7,Nick Westbrook-Ikhine,WR,TEN,2024
00-0037816,135.4,Romeo Doubs,WR,GB,2024
00-0035710,135.3,Daniel Jones,QB,NYG,2024
00-0037267,134.0,Jerome Ford,RB,CLE,2024
00-0034383,132.8,Dalton Schultz,TE,HOU,2024
00-0038976,132.8,Marvin Mims,WR,DEN,2024
00-0031544,132.8,Amari Cooper,WR,CLE,2024
00-0036970,131.2,Kyle Pitts,TE,ATL,2024
00-0031503,131.14,Jameis Winston,QB,CLE,2024
00-0037228,130.6,Jaylen Warren,RB,PIT,2024
00-0036973,130.2,Travis Etienne,RB,JAX,2024
00-0038563,129.3,Tre Tucker,WR,LV,2024
00-0038555,129.0,Tank Bigsby,RB,JAX,2024
00-0035208,127.9,Olamide Zaccheaus,WR,WAS,2024
00-0034521,126.0,Allen Lazard,WR,NYJ,2024
00-0039875,125.7,Ray Davis,RB,BUF,2024
00-0032104,125.2,Ameer Abdullah,RB,LV,2024
00-0039342,125.10000000000001,Xavier Legette,WR,CAR,2024
00-0038559,124.5,Michael Wilson,WR,ARI,2024
00-0037837,124.3,Calvin Austin,WR,PIT,2024
00-0036040,122.8,Juwan Johnson,TE,NO,2024
00-0031588,121.92,Stefon Diggs,WR,HOU,2024
00-0034270,121.9,Tyler Conklin,TE,NYJ,2024
00-0038608,121.9,Kayshon Boutte,WR,NE,2024
00-0032211,121.0,Tyler Lockett,WR,SEA,2024
00-0036980,120.9,Elijah Moore,WR,CLE,2024
00-0036290,120.4,Cole Kmet,TE,CHI,2024
00-0033555,120.2,Mack Hollins,WR,BUF,2024
00-0039152,119.94,Will Levis,QB,TEN,2024
00-0038619,119.9,Andrei Iosivas,WR,CIN,2024
00-0036945,119.14,Justin Fields,QB,PIT,2024
00-0036637,118.8,Noah Gray,TE,KC,2024
00-0039901,118.7,Keon Coleman,WR,BUF,2024
00-0033077,116.52,Dak Prescott,QB,DAL,2024
00-0038393,116.4,Dontayvion Wicks,WR,GB,2024
00-0037525,115.0,Jordan Mason,RB,SF,2024
00-0035537,114.5,Ty Johnson,RB,BUF,2024
00-0038933,113.9,Dalton Kincaid,TE,BUF,2024
00-0034159,113.7,Will Dissly,TE,LAC,2024
00-0037809,113.60000000000001,Chigoziem Okonkwo,TE,TEN,2024
00-0039032,113.6,Tyjae Spears,RB,TEN,2024
00-0037291,111.3,Jalen Nailor,WR,MIN,2024
00-0035535,110.0,Darius Slayton,WR,NYG,2024
00-0033662,109.56,Cooper Rush,QB,DAL,2024
00-0032392,108.6,Austin Hooper,TE,NE,2024
00-0036626,108.3,Dyami Brown,WR,WAS,2024
00-0036988,107.4,Josh Palmer,WR,LAC,2024
00-0039424,106.5,Devaughn Vele,WR,DEN,2024
00-0037263,106.2,Tyler Allgeier,RB,ATL,2024
00-0038124,105.3,Christian Watson,WR,GB,2024
00-0038041,104.4,Jake Ferguson,TE,DAL,2024
00-0037801,104.2,Kavontae Turpin,WR,DAL,2024
00-0035644,104.0,Noah Fant,TE,SEA,2024
00-0035229,103.89999999999999,T.J. Hockenson,TE,MIN,2024
00-0036328,103.4,Antonio Gibson,RB,NE,2024
00-0034981,103.3,Foster Moreau,TE,NO,2024
00-0033357,102.34,Taysom Hill,TE,NO,2024
00-0036849,101.7,Tutu Atwell,WR,LA,2024
00-0038797,99.9,Emanuel Wilson,RB,GB,2024
00-0026158,99.04,Joe Flacco,QB,IND,2024
00-0038794,98.0,Jaleel McLaughlin,RB,DEN,2024
00-0036414,97.1,Cam Akers,RB,HOU,2024
00-0038606,97.0,Parker Washington,WR,JAX,2024
00-0035250,96.6,Devin Singletary,RB,NYG,2024
00-0035289,96.32,Gardner Minshew,QB,LV,2024
00-0039363,96.2,Isaac Guerendo,RB,SF,2024
00-0036972,96.08,Mac Jones,QB,JAX,2024
00-0034771,95.8,Mason Rudolph,QB,TEN,2024
00-0033375,95.60000000000001,Tim Patrick,WR,DET,2024
00-0039916,93.5,Ricky Pearsall,WR,SF,2024
00-0038579,93.48,Aidan O'Connell,QB,LV,2024
00-0039491,92.56,Jalen Coker,WR,CAR,2024
00-0035216,91.3,Diontae Johnson,WR,CAR,2024
00-0038935,91.1,Brenton Strange,TE,JAX,2024
00-0034364,91.0,Jordan Akins,TE,CLE,2024
00-0035500,90.3,Greg Dortch,WR,ARI,2024
00-0033282,89.8,Curtis Samuel,WR,BUF,2024
00-0033881,89.5,Evan Engram,TE,JAX,2024
00-0033591,86.3,Noah Brown,WR,WAS,2024
00-0039794,85.2,Braelon Allen,RB,NYJ,2024
00-0033589,85.10000000000001,David Moore,WR,CAR,2024
00-0033526,84.9,Samaje Perine,RB,KC,2024
00-0034272,84.5,Marquez Valdes-Scantling,WR,BUF,2024
00-0036251,81.9,Zack Moss,RB,CIN,2024
00-0037545,81.8,Rashid Shaheed,WR,NO,2024
00-0039868,80.5,Troy Franklin,WR,DEN,2024
00-0038979,80.4,Cedric Tillman,WR,CLE,2024
00-0032385,80.3,Sterling Shepard,WR,TB,2024
00-0035704,80.14,Drew Lock,QB,NYG,2024
00-0039793,78.5,A.J. Barner,TE,SEA,2024
00-0033009,78.3,Tyler Boyd,WR,TEN,2024
00-0036244,77.6,Colby Parkinson,TE,LA,2024
00-0039021,77.39999999999999,Roschon Johnson,RB,CHI,2024
00-0035243,77.3,Miles Sanders,RB,CAR,2024
00-0033537,76.72,Deshaun Watson,QB,CLE,2024
00-0037239,76.7,Chris Olave,WR,NO,2024
00-0036415,75.3,Van Jefferson,WR,PIT,2024
00-0039356,73.2,Ja'Tavion Sanders,TE,CAR,2024
00-0036919,72.4,Kenneth Gainwell,RB,PHI,2024
00-0031687,70.9,Raheem Mostert,RB,MIA,2024
00-0034775,70.9,Christian Kirk,WR,JAX,2024
00-0033955,70.7,Jeremy McNichols,RB,WAS,2024
00-0031236,69.6,Brandin Cooks,WR,DAL,2024
00-0038951,68.7,Sean Tucker,RB,TB,2024
00-0039847,68.1,Theo Johnson,TE,NYG,2024
00-0035689,67.6,Dawson Knox,TE,BUF,2024
00-0035249,67.3,Josh Oliver,TE,MIN,2024
00-0039376,67.28,Spencer Rattler,QB,NO,2024
00-0034386,66.9,Justin Watson,WR,KC,2024
00-0034184,66.3,Gus Edwards,RB,LAC,2024
00-0037614,65.7,John Metchie,WR,HOU,2024
00-0037197,65.3,Isiah Pacheco,RB,KC,2024
00-0033307,65.1,Kendrick Bourne,WR,NE,2024
00-0039067,64.9,Rashee Rice,WR,KC,2024
00-0033857,64.7,JuJu Smith-Schuster,WR,KC,2024
00-0035406,64.3,Lil'Jordan Humphrey,WR,DEN,2024
00-0034791,63.3,Nick Chubb,RB,CLE,2024
00-0032464,63.2,Kalif Raymond,WR,DET,2024
00-0036261,62.400000000000006,Brandon Aiyuk,WR,SF,2024
00-0033536,61.5,Mike Williams,WR,NYJ,2024
00-0037086,61.2,Grant Calcaterra,TE,PHI,2024
00-0036427,61.1,Tyler Johnson,WR,LA,2024
00-0038589,60.800000000000004,Josh Whyle,TE,TEN,2024
00-0035993,60.66,Tyler Huntley,QB,MIA,2024
00-0027973,58.96,Andy Dalton,QB,CAR,2024
00-0033854,58.4,Dare Ogunbowale,RB,HOU,2024
00-0029892,57.6,Kyle Juszczyk,FB,SF,2024
00-0033045,57.5,Ezekiel Elliott,RB,DAL,2024
00-0038547,57.1,Luke Schoonmaker,TE,DAL,2024
00-0039880,56.8,Malik Washington,WR,MIA,2024
00-0037005,56.4,Tommy Tremble,TE,CAR,2024
00-0037741,56.199999999999996,Jahan Dotson,WR,PHI,2024
00-0033110,55.8,Tyler Higbee,TE,LA,2024
00-0039751,54.7,Jordan Whittington,WR,LA,2024
00-0038705,54.699999999999996,Emari Demercado,RB,ARI,2024
00-0036196,53.9,Gabe Davis,WR,JAX,2024
00-0036984,53.800000000000004,Trey Sermon,RB,IND,2024
00-0039890,53.76,Adonai Mitchell,WR,IND,2024
00-0031549,52.6,Nelson Agholor,WR,BAL,2024
00-0034418,51.94,Cedrick Wilson,WR,NO,2024
00-0038128,51.8,Malik Willis,QB,GB,2024
00-0033246,50.0,Johnny Mundt,TE,MIN,2024
00-0039041,49.2,Elijah Higgins,TE,ARI,2024
00-0039373,48.7,Audric Estime,RB,DEN,2024
00-0032394,48.5,Nick Vannett,TE,TEN,2024
00-0033280,47.8,Christian McCaffrey,RB,SF,2024
00-0036527,47.1,D.J. Turner,WR,LV,2024
00-0039921,47.0,Trey Benson,RB,ARI,2024
00-0038558,46.9,Darnell Washington,TE,PIT,2024
00-0037258,46.0,Dameon Pierce,RB,HOU,2024
00-0039798,45.9,Isaiah Davis,RB,NYJ,2024
00-0032268,45.86,Marcus Mariota,QB,WAS,2024
00-0033119,45.24,Jacoby Brissett,QB,NE,2024
00-0038685,45.1,Christopher Brooks,RB,GB,2024
00-0036422,45.0,Adam Trautman,TE,DEN,2024
00-0037120,44.4,Tyler Goodson,RB,IND,2024
00-0039917,44.1,Michael Penix,QB,ATL,2024
00-0038783,43.5,Nate Adkins,TE,DEN,2024
00-0036630,43.1,Tylan Wallace,WR,BAL,2024
00-0030431,42.5,Robert Woods,WR,HOU,2024
00-0038573,41.2,Derius Davis,WR,LAC,2024
00-0039359,41.1,Cade Stover,TE,HOU,2024
00-0034613,38.5,Tanner Hudson,TE,CIN,2024
00-0033943,38.4,Josh Reynolds,WR,DEN,2024
00-0030578,37.5,Cordarrelle Patterson,RB,PIT,2024
00-0038618,37.3,Xavier Hutchinson,WR,HOU,2024
00-0033948,37.1,Jamaal Williams,RB,NO,2024
00-0038824,36.8,Ryan Miller,WR,TB,2024
00-0039066,36.6,Michael Mayer,TE,LV,2024
00-0035631,36.5,Drew Sample,TE,CIN,2024
00-0035628,35.9,D'Ernest Johnson,RB,JAX,2024
00-0039814,35.8,Erick All,TE,CIN,2024
00-0036924,35.8,Michael Carter,RB,ARI,2024
00-0038640,35.699999999999996,Jalen Brooks,WR,DAL,2024
00-0037539,35.4,Lucas Krull,TE,DEN,2024
00-0038098,35.2,Pierre Strong,RB,CLE,2024
00-0039052,35.2,Trey Palmer,WR,TB,2024
00-0036754,35.0,Brock Wright,TE,DET,2024
00-0037475,34.8,Stone Smartt,TE,LAC,2024
00-0039355,34.8,Luke McCaffrey,WR,WAS,2024
00-0039050,34.5,Payne Durham,TE,TB,2024
00-0031941,34.1,Jamison Crowder,WR,WAS,2024
00-0039738,33.5,Blake Corum,RB,LA,2024
00-0037617,33.3,Hassan Haskins,RB,LAC,2024
00-0035140,33.2,Mecole Hardman,WR,KC,2024
00-0039391,32.7,Kimani Vidal,RB,LAC,2024
00-0033217,32.699999999999996,Mo Alie-Cox,TE,IND,2024
00-0039907,32.699999999999996,Ja'Lynn Polk,WR,NE,2024
00-0033925,32.6,D'Onta Foreman,RB,CLE,2024
00-0039062,32.2,Jonathan Mingo,WR,CAR,2024
00-0036876,32.2,Kylen Granson,TE,IND,2024
00-0034860,32.0,Dante Pettis,WR,NO,2024
00-0038465,31.7,Malik Heath,WR,GB,2024
00-0038611,31.5,Chris Rodriguez,RB,WAS,2024
00-0036906,31.5,Khalil Herbert,RB,CHI,2024
00-0033949,30.839999999999996,Joshua Dobbs,QB,SF,2024
00-0035973,29.799999999999997,Patrick Taylor,RB,SF,2024
00-0038752,29.7,Jake Bobo,WR,SEA,2024
00-0039746,29.4,Will Shipley,RB,PHI,2024
00-0038040,29.3,Zamir White,RB,LV,2024
00-0031595,29.3,Michael Burton,FB,DEN,2024
00-0038551,29.099999999999998,Kendre Miller,RB,NO,2024
00-0038400,28.82,Tanner McKee,QB,PHI,2024
00-0035806,28.8,Jamycal Hasty,RB,NE,2024
00-0037805,28.5,Jeremy Ruckert,TE,NYJ,2024
00-0037276,28.4,Ty Chandler,RB,MIN,2024
00-0038046,28.3,Charlie Kolar,TE,BAL,2024
00-0035662,28.1,Marquise Brown,WR,KC,2024
00-0037509,27.200000000000003,Sincere McCormick,RB,LV,2024
00-0037231,27.0,Kevin Austin,WR,NO,2024
00-0038738,26.9,Hunter Luepke,FB,DAL,2024
00-0039386,26.8,Bub Means,WR,NO,2024
00-0039874,26.7,Jaylen Wright,RB,MIA,2024
00-0033576,26.7,Eric Saubert,TE,SF,2024
00-0038115,26.5,Daniel Bellinger,TE,NYG,2024
00-0035125,26.3,Alec Ingold,FB,MIA,2024
00-0038678,26.099999999999998,Jordan Mims,RB,NO,2024
00-0034854,26.099999999999998,KhaDarel Hodge,WR,ATL,2024
00-0037292,25.9,Andrew Ogletree,TE,IND,2024
00-0034487,25.1,Trent Sherfield,WR,MIN,2024
00-0037091,25.099999999999998,Bo Melton,WR,GB,2024
00-0038102,24.439999999999998,Kenny Pickett,QB,PHI,2024
00-0039325,23.9,Carson Steele,RB,KC,2024
00-0039623,23.9,Mason Tipton,WR,NO,2024
00-0038636,22.4,Kenny McIntosh,RB,SEA,2024
00-0038720,22.0,Julian Hill,TE,MIA,2024
00-0038122,21.92,Desmond Ridder,QB,LV,2024
00-0038821,21.400000000000002,Rakim Jarrett,WR,TB,2024
00-0037004,21.3,Hunter Long,TE,LA,2024
00-0036425,21.0,DeeJay Dallas,RB,ARI,2024
00-0035567,20.9,Craig Reynolds,RB,DET,2024
00-0036628,20.5,John Bates,TE,WAS,2024
00-0028118,20.06,Tyrod Taylor,QB,NYJ,2024
00-0031345,19.86,Jimmy Garoppolo,QB,LA,2024
00-0038396,19.3,Eric Gray,RB,NYG,2024
00-0039398,19.24,Joe Milton,QB,NE,2024
00-0035021,19.2,Ashton Dulin,WR,IND,2024
00-0036331,19.2,Devin Duvernay,WR,JAX,2024
00-0037557,19.099999999999998,Ronnie Rivers,RB,LA,2024
00-0036345,18.7,K.J. Osborn,WR,NE,2024
00-0036887,18.7,Luke Farrell,TE,JAX,2024
00-0039074,18.200000000000003,Davis Allen,TE,LA,2024
00-0039410,18.2,Ryan Flournoy,WR,DAL,2024
00-0039530,17.8,Brevyn Spann-Ford,TE,DAL,2024
00-0039747,17.7,Ainias Smith,WR,PHI,2024
00-0036232,17.6,Harrison Bryant,TE,LV,2024
00-0038710,17.1,Blake Whiteheart,TE,CLE,2024
00-0039912,17.1,Ben Sinnott,TE,WAS,2024
00-0036646,16.6,Simi Fehoko,WR,LAC,2024
00-0038496,16.4,Xavier Gipson,WR,NYJ,2024
00-0033891,16.4,Zay Jones,WR,ARI,2024
00-0031763,16.2,DeAndre Carter,WR,CHI,2024
00-0037304,16.0,Connor Heyward,TE,PIT,2024
00-0031585,16.0,MyCole Pruitt,TE,PIT,2024
00-0038583,15.799999999999999,Dorian Thompson-Robinson,QB,CLE,2024
00-0036510,15.7,Kenny Yeboah,TE,NYJ,2024
00-0039650,15.5,Bryce Oliver,WR,TEN,2024
00-0034830,15.3,Hayden Hurst,TE,LAC,2024
00-0032918,15.299999999999999,C.J. Ham,FB,MIN,2024
00-0034777,15.1,D.J. Chark,WR,LAC,2024
00-0035639,15.0,Parris Campbell,WR,PHI,2024
00-0033869,14.959999999999999,Mitchell Trubisky,QB,BUF,2024
00-0039236,14.8,Johnny Wilson,WR,PHI,2024
00-0036268,14.7,Laviska Shenault Jr.,WR,SEA,2024
00-0036387,14.7,Jalen Reagor,WR,LAC,2024
00-0039810,14.7,Jermaine Burton,WR,CIN,2024
00-0036590,14.6,Quintin Morris,TE,BUF,2024
00-0031235,14.5,Odell Beckham,WR,MIA,2024
00-0034798,14.3,Durham Smythe,TE,MIA,2024
00-0038938,14.2,Jalin Hyatt,WR,NYG,2024
00-0034646,14.1,Brandon Powell,WR,MIN,2024
00-0034177,13.94,Tim Boyle,QB,MIA,2024
00-0038679,13.9,Tyrell Shavers,WR,BUF,2024
00-0039754,13.799999999999999,Devin Culp,TE,TB,2024
00-0032128,13.6,Chris Conley,WR,SF,2024
00-0034054,13.6,River Cracraft,WR,MIA,2024
00-0037300,13.5,Mike Woods,WR,CLE,2024
00-0038476,13.48,Tommy DeVito,QB,NYG,2024
00-0037654,13.4,Tucker Fisk,TE,LAC,2024
00-0037594,13.3,Julius Chestnut,RB,TEN,2024
00-0038998,13.24,Jake Haener,QB,NO,2024
00-0037012,12.74,Trey Lance,QB,DAL,2024
00-0039365,12.7,Jacob Cowing,WR,SF,2024
00-0033439,12.5,Pharaoh Brown,TE,SEA,2024
00-0031484,12.0,Chris Manhertz,TE,NYG,2024
00-0036862,11.9,Ben Skowronek,WR,PIT,2024
00-0037524,11.9,Tay Martin,WR,TEN,2024
00-0035298,11.899999999999999,Scott Miller,WR,PIT,2024
00-0038622,11.8,Deuce Vaughn,RB,DAL,2024
00-0036429,11.6,Charlie Woerner,TE,ATL,2024
00-0033895,11.6,Gerald Everett,TE,CHI,2024
00-0039144,11.5,Luke Musgrave,TE,GB,2024
00-0035860,11.5,Tony Jones,RB,ARI,2024
00-0033376,11.2,Patrick Ricard,FB,BAL,2024
00-0034115,10.6,Jeffery Wilson,RB,MIA,2024
00-0037132,10.4,Britain Covey,WR,PHI,2024
00-0037085,10.2,Tyler Badie,RB,DEN,2024
00-0037569,10.1,Peyton Hendershot,TE,KC,2024
00-0036360,10.0,Clyde Edwards-Helaire,RB,NO,2024
00-0036183,9.8,Kristian Wilkerson,WR,LV,2024
00-0039737,9.7,Tip Reiman,TE,ARI,2024
00-0036898,9.58,Davis Mills,QB,HOU,2024
00-0034353,9.4,Anthony Miller,WR,BAL,2024
00-0039792,9.1,Devontez Walker,WR,BAL,2024
00-0038104,8.7,Tyquan Thornton,WR,NE,2024
00-0038809,8.2,Ben Sims,TE,GB,2024
00-0039364,8.1,Sione Vaki,RB,DET,2024
00-0037429,8.0,Raheem Blackshear,RB,CAR,2024
00-0033863,7.9,Dan Skipper,T,DET,2024
00-0037327,7.880000000000001,Skylar Thompson,QB,MIA,2024
00-0037252,7.8,Greg Dulcich,TE,DEN,2024
00-0039631,7.8,Cam Grandy,TE,CIN,2024
00-0038498,7.7,E.J. Jenkins,TE,PHI,2024
00-0038576,7.5,Charlie Jones,WR,CIN,2024
00-0037742,7.5,Treylon Burks,WR,TEN,2024
00-0039344,7.5,Jonathon Brooks,RB,CAR,2024
00-0037578,7.4,Juanyeh Thomas,FS,DAL,2024
00-0036620,7.4,D'Wayne Eskridge,WR,MIA,2024
00-0037287,7.4,Vederian Lowe,T,NE,2024
00-0034834,7.2,Sam Hubbard,DE,CIN,2024
00-0036497,7.1,Tim Jones,WR,JAX,2024
00-0036955,7.1,Terrace Marshall,WR,LV,2024
00-0034571,7.1,Trenton Scott,T,WAS,2024
00-0038981,7.1,Wanya Morris,T,KC,2024
00-0038108,7.0,Bailey Zappe,QB,CLE,2024
00-0038394,6.9,Will Mallory,TE,IND,2024
00-0038454,6.8,Keaton Mitchell,RB,BAL,2024
00-0038519,6.8,Nikko Remigio,WR,KC,2024
00-0038614,6.8,Scott Matlock,FB,LAC,2024
00-0035976,6.7,Dan Chisena,WR,CAR,2024
00-0037487,6.699999999999999,Deven Thompkins,WR,CAR,2024
00-0035891,6.4,Cody White,WR,SEA,2024
00-0036096,6.3999999999999995,J.J. Taylor,RB,HOU,2024
00-0035594,6.3999999999999995,Travis Homer,RB,CHI,2024
00-0032434,6.360000000000001,Brandon Allen,QB,SF,2024
00-0038359,6.2,Xavier Smith,WR,LA,2024
00-0035602,6.1,Alex Bachman,WR,LV,2024
00-0031428,6.0,Allen Robinson,WR,DET,2024
00-0036635,6.0,Ihmir Smith-Marsette,WR,NYG,2024
00-0036563,6.0,Deommodore Lenoir,CB,SF,2024
00-0037129,6.0,Josh Blackwell,CB,CHI,2024
00-0036841,6.0,Austin Trammell,WR,JAX,2024
00-0036842,6.0,Kene Nwangwu,RB,NYJ,2024
00-0038477,6.0,Bryce Ford-Wheaton,WR,NYG,2024
00-0028899,6.0,Rodney McLeod,FS,CLE,2024
00-0037491,6.0,J.J. Russell,ILB,TB,2024
00-0034485,6.0,Jonathan Owens,SS,CHI,2024
00-0034208,5.9,Mike Boone,RB,CAR,2024
00-0037257,5.7,David Bell,WR,CLE,2024
00-0039920,5.2,Malachi Corley,WR,NYJ,2024
00-0039379,5.2,Jamari Thrash,WR,CLE,2024
00-0039613,5.1,Dallin Holker,TE,NO,2024
00-0036133,5.1,James Proche,WR,CLE,2024
00-0039617,4.9,Jacob Kibodi,RB,CLE,2024
00-0032950,4.72,Carson Wentz,QB,KC,2024
00-0037348,4.6,Tanner Conner,WR,MIA,2024
00-0035341,4.5,Trenton Irwin,WR,CIN,2024
00-0036990,4.4,Divine Deablo,MLB,LV,2024
00-0036332,4.4,Josiah Deguara,TE,JAX,2024
00-0038647,4.2,Ronnie Bell,WR,SF,2024
00-0036670,4.2,Jermar Jefferson,RB,DET,2024
00-0033893,4.0,Dalvin Cook,RB,DAL,2024
00-0039420,4.0,Jaheim Bell,TE,NE,2024
00-0036176,3.7,Mason Kinsey,WR,TEN,2024
00-0034365,3.7,Ian Thomas,TE,CAR,2024
00-0039757,3.3,Terrell Jennings,RB,NE,2024
00-0037253,3.3,Marcus Jones,CB,NE,2024
00-0039816,3.3,Anthony Gould,WR,IND,2024
00-0039573,3.3,Blake Watson,RB,DEN,2024
00-0036534,3.2,Shane Zylstra,TE,DET,2024
00-0039393,3.2,Jase McClellan,RB,ATL,2024
00-0036165,3.2,Isaiah Hodgins,WR,NYG,2024
00-0031800,3.12,Taylor Heinicke,QB,LAC,2024
00-0039796,3.1,Rasheen Ali,RB,BAL,2024
00-0038507,3.0999999999999996,Grant DuBose,WR,MIA,2024
00-0036741,3.0,Jack Stoll,TE,PHI,2024
00-0034928,2.9,Steven Sims,WR,HOU,2024
00-0037745,2.9,Velus Jones,RB,CHI,2024
00-0031690,2.9,Eric Tomlinson,TE,LAC,2024
00-0039811,2.8,MarShawn Lloyd,RB,GB,2024
00-0036463,2.7,Chris Blair,WR,ATL,2024
00-0036556,2.7,Brevin Jordan,TE,HOU,2024
00-0038550,2.68,Hendon Hooker,QB,DET,2024
00-0039451,2.6,Isaiah Williams,WR,DET,2024
00-0039394,2.4,Casey Washington,WR,ATL,2024
00-0039853,2.2,Javon Baker,WR,NE,2024
00-0036825,2.2,Feleipe Franks,TE,CAR,2024
00-0035924,2.2,Jonathan Ward,RB,PIT,2024
00-0033292,2.1,Trent Taylor,WR,SF,2024
00-0036329,2.1,Ashtyn Davis,SS,NYJ,2024
00-0035311,1.9999999999999998,Myles Gaskin,RB,MIN,2024
00-0039299,1.9,George Holani,RB,SEA,2024
00-0039703,1.9,Cody Schrader,RB,LA,2024
00-0037422,1.9,Kendric Pryor,WR,CIN,2024
00-0037382,1.9,Brandon Johnson,WR,PIT,2024
00-0039244,1.7999999999999998,Chris Collier,RB,BAL,2024
00-0037609,1.7,Aaron Shampklin,RB,PIT,2024
00-0038920,1.7,John Samuel Shenker,TE,LV,2024
00-0032141,1.7,Geoff Swaim,TE,CLE,2024
00-0039824,1.7,Jared Wiley,TE,KC,2024
00-0039543,1.7,Ramel Keyton,WR,LV,2024
00-0039648,1.6,David Martin-Robinson,TE,TEN,2024
00-0033460,1.6,John Ross,WR,PHI,2024
00-0036877,1.6,Jaelon Darden,WR,CLE,2024
00-0036254,1.6,Collin Johnson,WR,CHI,2024
00-0032688,1.5,Robbie Chosen,WR,MIA,2024
00-0037207,1.5,Mike Caliendo,G,KC,2024
00-0034073,1.5,Ross Dwelley,TE,ATL,2024
00-0038941,1.5,Tyler Scott,WR,CHI,2024
00-0036640,1.5,Zach Davidson,TE,BUF,2024
00-0035547,1.5,Joseph Fortson,TE,KC,2024
00-0035190,1.36,A.J. Cole,P,LV,2024
00-0033319,1.32,Nick Mullens,QB,MIN,2024
00-0039392,1.3,Jha'Quan Jackson,WR,TEN,2024
00-0024243,1.2,Marcedes Lewis,TE,CHI,2024
00-0034970,1.2,Irv Smith,TE,HOU,2024
00-0037306,1.2,John FitzPatrick,TE,GB,2024
00-0034401,1.12,Mike White,QB,BUF,2024
00-0039611,1.1,Matthew Hayball,P,NO,2024
00-0037450,1.1,Tyreik McAllister,RB,LV,2024
00-0039589,1.1,Kameron Johnson,WR,TB,2024
00-0038123,1.0,Dane Belton,SS,NYG,2024
00-0038489,1.0,Ben VanSumeren,FB,PHI,2024
00-0039731,1.0,J.C. Latham,T,TEN,2024
00-0037243,1.0,Tyler Smith,G,DAL,2024
00-0030140,0.92,Tress Way,P,WAS,2024
00-0036406,0.9,Tristan Wirfs,T,TB,2024
00-0038840,0.8,Brycen Tremayne,WR,WAS,2024
00-0026300,0.78,Josh Johnson,QB,BAL,2024
00-0034577,0.76,Kyle Allen,QB,PIT,2024
00-0032943,0.72,Riley Dixon,P,DEN,2024
00-0036187,0.7,Reggie Gilliam,FB,BUF,2024
00-0037827,0.7,Tyrion Davis-Price,RB,PHI,2024
00-0035156,0.68,Jack Fox,P,DET,2024
00-0037324,0.5,Chris Oladokun,QB,KC,2024
00-0035264,0.49999999999999994,Jarrett Stidham,QB,DEN,2024
00-0036450,0.4,Ke'Shawn Vaughn,RB,SF,2024
00-0036297,0.3,Darrynton Evans,RB,CHI,2024
00-0034974,0.2,Julian Love,SS,SEA,2024
00-0032701,0.2,Jake Brendel,C,SF,2024
00-0036370,0.2,Joshua Kelley,RB,TEN,2024
00-0039603,0.2,British Brooks,RB,HOU,2024
00-0039692,0.2,Dell Pettus,FS,NE,2024
00-0029692,0.16,Bryan Anger,P,DAL,2024
00-0031237,0.12,Teddy Bridgewater,QB,DET,2024
00-0034162,0.12,J.K. Scott,P,LAC,2024
00-0033557,0.1,Jalen Reeves-Maybin,OLB,DET,2024
00-0039825,0.1,Jaden Hicks,SS,KC,2024
00-0033874,0.0,Marshon Lattimore,CB,NO,2024
00-0033872,0.0,Jamal Adams,SS,TEN,2024
00-0033870,0.0,Solomon Thomas,DT,NYJ,2024
00-0033868,0.0,Myles Garrett,DE,CLE,2024
00-0039864,0.0,Dadrion Taylor-Demerson,FS,ARI,2024
00-0039863,0.0,Caedan Wallace,T,NE,2024
00-0039821,0.0,Andru Phillips,CB,NYG,2024
00-0039861,0.0,Tyler Nubin,SS,NYG,2024
00-0039860,0.0,Kool-Aid McKinstry,CB,NO,2024
00-0039859,0.0,Brandon Dorlus,DE,ATL,2024
00-0039858,0.0,Cedric Gray,ILB,TEN,2024
00-0039857,0.0,Blake Fisher,T,HOU,2024
00-0039854,0.0,Darius Robinson,DT,ARI,2024
00-0039902,0.0,Chris Braswell,OLB,TB,2024
00-0039895,0.0,Michael Hall,DT,CLE,2024
00-0039886,0.0,T'Vondre Sweat,NT,TEN,2024
00-0039882,0.0,Tylan Grable,T,BUF,2024
00-0039881,0.0,Patrick McMorris,SS,MIA,2024
00-0039879,0.0,Javon Solomon,DE,BUF,2024
00-0033455,0.0,Anthony Firkser,TE,KC,2024
00-0034968,0.0,Darnell Savage,SS,JAX,2024
00-0035127,0.0,Andre James,C,LV,2024
00-0035118,0.0,Matt Orzech,LS,GB,2024
00-0035112,0.0,Patrick Mekari,G,BAL,2024
00-0035099,0.0,Khari Blasingame,FB,CHI,2024
00-0034902,0.0,Sam Eguavoen,ILB,NYJ,2024
00-0034874,0.0,Roquan Smith,ILB,BAL,2024
00-0034989,0.0,Justin Skule,T,TB,2024
00-0034987,0.0,E.J. Speed,OLB,IND,2024
00-0034982,0.0,Dre Greenlaw,ILB,SF,2024
00-0034978,0.0,Ben Powers,G,DEN,2024
00-0034973,0.0,Maxx Crosby,DE,LV,2024
00-0033548,0.0,Chidobe Awuzie,CB,TEN,2024
00-0033547,0.0,Zach Cunningham,ILB,DEN,2024
00-0033546,0.0,Dalvin Tomlinson,DT,CLE,2024
00-0033540,0.0,Takk McKinley,DE,NYJ,2024
00-0033793,0.0,Corey Levin,C,TEN,2024
00-0033787,0.0,Jake Elliott,K,PHI,2024
00-0033784,0.0,Eddie Jackson,FS,BAL,2024
00-0033783,0.0,Ahkello Witherspoon,CB,LA,2024
00-0033524,0.0,Kevin King,CB,ATL,2024
00-0033523,0.0,Jonathan Allen,DT,WAS,2024
00-0035098,0.0,Micah Abernathy,FS,ATL,2024
00-0035084,0.0,Yosuah Nijman,T,CAR,2024
00-0035073,0.0,Jonathan Harris,DE,CAR,2024
00-0035062,0.0,Sam Mustipher,C,LAC,2024
00-0035042,0.0,Jamie Gillan,P,NYG,2024
00-0035026,0.0,Kevin Givens,DT,SF,2024
00-0035020,0.0,Demetrius Flannigan-Fowles,OLB,SF,2024
00-0035003,0.0,Jackson Barton,T,ARI,2024
00-0035000,0.0,Quinton Bell,OLB,MIA,2024
00-0035202,0.0,Del'Shawn Phillips,OLB,HOU,2024
00-0035192,0.0,Joey Slye,K,NE,2024
00-0035189,0.0,Matthew Wright,K,SF,2024
00-0035166,0.0,Azeez Al-Shaair,ILB,HOU,2024
00-0035164,0.0,Cody Thompson,WR,TB,2024
00-0035238,0.0,Cody Ford,G,CIN,2024
00-0035157,0.0,Darius Harris,ILB,DAL,2024
00-0035150,0.0,Kris Boyd,CB,HOU,2024
00-0035149,0.0,Nick Allegretti,G,WAS,2024
00-0035145,0.0,Austin Seibert,K,WAS,2024
00-0035144,0.0,Mack Wilson,ILB,ARI,2024
00-0035142,0.0,Ugochukwu Amadi,FS,NO,2024
00-0035139,0.0,Marquise Blair,FS,SEA,2024
00-0035133,0.0,Keisean Nixon,CB,GB,2024
00-0031203,0.0,Cairo Santos,K,CHI,2024
00-0031177,0.0,Brent Urban,DE,BAL,2024
00-0031136,0.0,Chris Boswell,K,PIT,2024
00-0031101,0.0,Shaquil Barrett,OLB,TB,2024
00-0031079,0.0,Pat O'Donnell,P,SF,2024
00-0035276,0.0,Blake Cashman,ILB,MIN,2024
00-0035272,0.0,Andrew Van Ginkel,OLB,MIN,2024
00-0035270,0.0,Amani Oruwariye,CB,DAL,2024
00-0035269,0.0,Matt Gay,K,IND,2024
00-0035266,0.0,Michael Jordan,G,NE,2024
00-0031054,0.0,DaQuan Jones,DT,BUF,2024
00-0031040,0.0,Khalil Mack,DE,LAC,2024
00-0030957,0.0,Casey Kreiter,LS,NYG,2024
00-0030757,0.0,Mike Pennel,NT,KC,2024
00-0030725,0.0,Cornelius Lucas,T,WAS,2024
00-0030615,0.0,James Winchester,LS,KC,2024
00-0030561,0.0,Lane Johnson,T,PHI,2024
00-0035244,0.0,Lonnie Johnson,FS,CAR,2024
00-0035242,0.0,Erik McCoy,C,NO,2024
00-0035240,0.0,Jahlani Tavai,ILB,NE,2024
00-0035239,0.0,Sean Murphy-Bunting,CB,ARI,2024
00-0035248,0.0,Zach Allen,DE,DEN,2024
00-0035357,0.0,Cameron Lewis,FS,BUF,2024
00-0035352,0.0,Tyrel Dodson,MLB,SEA,2024
00-0035346,0.0,Nik Needham,CB,MIA,2024
00-0035330,0.0,Anthony Pittman,OLB,JAX,2024
00-0035316,0.0,Kaden Elliss,ILB,ATL,2024
00-0035237,0.0,Jawaan Taylor,T,KC,2024
00-0035236,0.0,Byron Murphy,CB,MIN,2024
00-0035235,0.0,Kaleb McGary,T,ATL,2024
00-0035234,0.0,Tytus Howard,T,HOU,2024
00-0035231,0.0,Christian Wilkins,DT,LV,2024
00-0035230,0.0,Ed Oliver,DT,BUF,2024
00-0035227,0.0,P.J. Locke,FS,DEN,2024
00-0035215,0.0,Deonte Harty,WR,BAL,2024
00-0035277,0.0,Michael Jackson,CB,CAR,2024
00-0033303,0.0,Harrison Butker,K,KC,2024
00-0033302,0.0,Adrian Colbert,FS,CHI,2024
00-0033297,0.0,D.J. Jones,NT,DEN,2024
00-0033294,0.0,Chuck Clark,SS,NYJ,2024
00-0035279,0.0,Charles Omenihu,DE,KC,2024
00-0035278,0.0,Byron Cowart,DT,CHI,2024
00-0035542,0.0,Kemon Hall,CB,DAL,2024
00-0035526,0.0,Elgton Jenkins,G,GB,2024
00-0035525,0.0,Devin Bush,ILB,CLE,2024
00-0035262,0.0,Drue Tranquill,ILB,KC,2024
00-0035258,0.0,Hjalte Froholdt,C,ARI,2024
00-0035255,0.0,Kendall Sheffield,CB,NYJ,2024
00-0035254,0.0,Anthony Nelson,OLB,TB,2024
00-0035253,0.0,Chauncey Gardner-Johnson,SS,PHI,2024
00-0035301,0.0,Donovan Wilson,SS,DAL,2024
00-0035295,0.0,Isaiah Prince,T,TEN,2024
00-0035292,0.0,David Long Jr.,ILB,MIA,2024
00-0035291,0.0,Trayveon Williams,RB,CIN,2024
00-0035280,0.0,Jake Bailey,P,MIA,2024
00-0033445,0.0,Nicholas Morrow,ILB,BUF,2024
00-0033400,0.0,Matt Haack,P,NYG,2024
00-0033393,0.0,Kenny Moore,CB,IND,2024
00-0033582,0.0,Jeremiah Ledbetter,DT,JAX,2024
00-0033579,0.0,Xavier Woods,FS,CAR,2024
00-0033347,0.0,Josh Tupou,NT,BAL,2024
00-0033336,0.0,Eric Wilson,ILB,GB,2024
00-0035663,0.0,Taylor Rapp,SS,BUF,2024
00-0035437,0.0,Roderic Teamer,SS,NO,2024
00-0035413,0.0,Luke Gifford,OLB,TEN,2024
00-0035409,0.0,Shy Tuttle,DT,CAR,2024
00-0035408,0.0,Nick Moore,LS,BAL,2024
00-0035402,0.0,Carl Granderson,DE,NO,2024
00-0035386,0.0,T.J. Edwards,ILB,CHI,2024
00-0035378,0.0,Andrew Wingard,FS,JAX,2024
00-0035363,0.0,Joe Giles-Harris,OLB,NE,2024
00-0035358,0.0,Chase McLaughlin,K,TB,2024
00-0035637,0.0,Rock Ya-Sin,CB,SF,2024
00-0035636,0.0,L.J. Collier,DT,ARI,2024
00-0035633,0.0,Corey Ballentine,CB,GB,2024
00-0035632,0.0,Amani Hooker,FS,TEN,2024
00-0035630,0.0,Chris Lindstrom,G,ATL,2024
00-0035697,0.0,Germaine Pratt,OLB,CIN,2024
00-0035696,0.0,Duke Shelley,CB,NYG,2024
00-0035693,0.0,Johnathan Abram,SS,NO,2024
00-0035629,0.0,Jonah Williams,T,ARI,2024
00-0035625,0.0,Juan Thornhill,FS,CLE,2024
00-0034842,0.0,Taven Bryan,DT,IND,2024
00-0034999,0.0,Ty Summers,MLB,NYG,2024
00-0034994,0.0,Olisaemeka Udoh,T,NO,2024
00-0034993,0.0,Marcus Epps,SS,LV,2024
00-0034992,0.0,Armon Watts,NT,NYG,2024
00-0034990,0.0,Ka'dar Hollman,CB,BAL,2024
00-0034828,0.0,Harold Landry,OLB,TEN,2024
00-0034825,0.0,Arden Key,OLB,TEN,2024
00-0034818,0.0,Derrick Nnadi,DT,KC,2024
00-0034815,0.0,Fred Warner,MLB,SF,2024
00-0034810,0.0,Sebastian Joseph,DT,TEN,2024
00-0033512,0.0,Damontae Kazee,SS,PIT,2024
00-0033503,0.0,Arthur Maulet,CB,BAL,2024
00-0033463,0.0,Carl Lawson,DE,DAL,2024
00-0033461,0.0,Raekwon McMillan,ILB,NE,2024
00-0035617,0.0,Troy Reeder,ILB,LA,2024
00-0035588,0.0,Garrett Bradbury,C,MIN,2024
00-0035544,0.0,Tom Kennedy,WR,DET,2024
00-0035669,0.0,Nick Scott,SS,CAR,2024
00-0035668,0.0,David Edwards,G,BUF,2024
00-0035667,0.0,Greg Gaines,NT,TB,2024
00-0035665,0.0,David Long,CB,IND,2024
00-0035829,0.0,Austen Pleasants,T,SF,2024
00-0035827,0.0,Ross Matiscik,LS,JAX,2024
00-0035821,0.0,Corliss Waitman,P,PIT,2024
00-0035795,0.0,James Pierre,CB,PIT,2024
00-0035763,0.0,Malcolm Roach,DT,DEN,2024
00-0035656,0.0,Khalen Saunders,DT,NO,2024
00-0035655,0.0,Will Harris,FS,NO,2024
00-0035649,0.0,Nate Davis,G,CHI,2024
00-0035647,0.0,Montez Sweat,DE,CHI,2024
00-0035646,0.0,Sione Takitaki,OLB,NE,2024
00-0035643,0.0,Jeffery Simmons,DT,TEN,2024
00-0035642,0.0,Josh Hines-Allen,DE,JAX,2024
00-0035699,0.0,Jamel Dean,CB,TB,2024
00-0035698,0.0,Chuma Edoga,T,DAL,2024
00-0035705,0.0,Jalen Thompson,FS,ARI,2024
00-0035946,0.0,Myles Adams,DE,SEA,2024
00-0035944,0.0,Jonah Williams,DE,MIN,2024
00-0035942,0.0,Christian Rozeboom,ILB,LA,2024
00-0035933,0.0,Michael Hoecht,OLB,LA,2024
00-0035910,0.0,T.J. Smith,DT,CAR,2024
00-0035692,0.0,Clelin Ferrell,DE,WAS,2024
00-0035688,0.0,Trey Pipkins,T,LAC,2024
00-0035687,0.0,Bobby Okereke,MLB,NYG,2024
00-0035683,0.0,Dexter Lawrence,NT,NYG,2024
00-0035680,0.0,Quincy Williams,ILB,NYJ,2024
00-0035679,0.0,Connor McGovern,C,BUF,2024
00-0035678,0.0,Dre'Mont Jones,DE,SEA,2024
00-0035674,0.0,Jerry Tillery,DE,MIN,2024
00-0035672,0.0,Cody Barton,MLB,DEN,2024
00-0035859,0.0,Blake Gillikin,P,ARI,2024
00-0035857,0.0,Chris Williams,DT,CHI,2024
00-0035841,0.0,Benito Jones,DT,MIA,2024
00-0036105,0.0,Nick Leverett,G,NE,2024
00-0036087,0.0,Myles Bryant,CB,HOU,2024
00-0036081,0.0,Broderick Washington,DE,BAL,2024
00-0036045,0.0,Cam Gill,OLB,CAR,2024
00-0035757,0.0,Jacob Bobenmoyer,LS,LV,2024
00-0035726,0.0,Jakob Johnson,FB,NYG,2024
00-0035718,0.0,Quinnen Williams,NT,NYJ,2024
00-0035717,0.0,Nick Bosa,DE,SF,2024
00-0035713,0.0,Brian Burns,OLB,NYG,2024
00-0035708,0.0,Oshane Ximines,OLB,NE,2024
00-0035707,0.0,Devin White,ILB,HOU,2024
00-0031279,0.0,Jake Matthews,T,ATL,2024
00-0031270,0.0,Shelby Harris,DT,CLE,2024
00-0031254,0.0,Denico Autry,DE,HOU,2024
00-0035961,0.0,Krys Barnes,ILB,ARI,2024
00-0036181,0.0,Teair Tart,DT,LAC,2024
00-0036171,0.0,Aaron Brewer,G,MIA,2024
00-0036166,0.0,Dane Jackson,CB,CAR,2024
00-0035903,0.0,Joe Gaziano,DE,JAX,2024
00-0035900,0.0,Cole Christiansen,ILB,KC,2024
00-0035895,0.0,Joe Bachie,ILB,CIN,2024
00-0035890,0.0,Tershawn Wharton,DT,KC,2024
00-0035889,0.0,Tommy Townsend,P,HOU,2024
00-0036037,0.0,Sam Franklin,SS,CAR,2024
00-0036036,0.0,Terence Steele,T,DAL,2024
00-0036011,0.0,Bobby Price,FS,WAS,2024
00-0036010,0.0,Jalen Elliott,SS,PIT,2024
00-0035992,0.0,Trystan Colon,C,ARI,2024
00-0035984,0.0,Blake Lynch,OLB,KC,2024
00-0033290,0.0,Jermaine Eluemunor,T,NYG,2024
00-0033283,0.0,Tyus Bowser,OLB,SEA,2024
00-0031364,0.0,Jadeveon Clowney,OLB,CAR,2024
00-0033538,0.0,Garett Bolles,T,DEN,2024
00-0031330,0.0,Morgan Moses,T,NYJ,2024
00-0031299,0.0,Jordan Matthews,TE,CAR,2024
00-0031298,0.0,Jimmie Ward,FS,HOU,2024
00-0031296,0.0,C.J. Mosley,ILB,NYJ,2024
00-0036253,0.0,Julian Blackmon,FS,IND,2024
00-0036162,0.0,Tyler Bass,K,BUF,2024
00-0036159,0.0,Joshua Uche,OLB,NE,2024
00-0036157,0.0,Kristian Welch,ILB,DEN,2024
00-0034800,0.0,B.J. Hill,DT,CIN,2024
00-0034967,0.0,Rashan Gary,DE,GB,2024
00-0034966,0.0,D'Angelo Ross,CB,HOU,2024
00-0034959,0.0,Andrew Beck,FB,GB,2024
00-0034951,0.0,Fred Johnson,T,PHI,2024
00-0034941,0.0,Mitch Wishnowsky,P,SF,2024
00-0034789,0.0,Minkah Fitzpatrick,FS,PIT,2024
00-0034787,0.0,Chris Board,ILB,BAL,2024
00-0034782,0.0,Harrison Phillips,NT,MIN,2024
00-0034780,0.0,Isaac Yiadom,CB,SF,2024
00-0034779,0.0,Ronnie Harrison,DB,IND,2024
00-0034858,0.0,Terrell Edmunds,FS,PIT,2024
00-0034856,0.0,Denzel Ward,CB,CLE,2024
00-0034847,0.0,Mike McGlinchey,T,DEN,2024
00-0034843,0.0,Mike Hughes,CB,ATL,2024
00-0036151,0.0,Bryce Huff,DE,PHI,2024
00-0036132,0.0,Ben Bredeson,G,TB,2024
00-0036130,0.0,Nnamdi Madubuike,DT,BAL,2024
00-0036124,0.0,Khalil Dorsey,CB,DET,2024
00-0036224,0.0,Jonathan Greenard,OLB,MIN,2024
00-0036222,0.0,Isaiah Rodgers,CB,PHI,2024
00-0036221,0.0,Brandon Jones,FS,DEN,2024
00-0036220,0.0,Derrick Brown,DE,CAR,2024
00-0036217,0.0,Blake Ferguson,LS,MIA,2024
00-0036215,0.0,Danny Pinter,C,IND,2024
00-0036294,0.0,Logan Wilson,ILB,CIN,2024
00-0036293,0.0,Jeremy Chinn,FS,WAS,2024
00-0036292,0.0,Jaylon Johnson,CB,CHI,2024
00-0036288,0.0,Yetur Gross-Matos,OLB,SF,2024
00-0036287,0.0,Noah Igbinoghene,CB,WAS,2024
00-0036213,0.0,Raekwon Davis,NT,IND,2024
00-0036199,0.0,Geno Stone,SS,CIN,2024
00-0036198,0.0,Michael Onwenu,G,NE,2024
00-0036195,0.0,Charlie Heck,T,SF,2024
00-0036193,0.0,Anfernee Jennings,OLB,NE,2024
00-0036192,0.0,A.J. Epenesa,DE,BUF,2024
00-0036262,0.0,Davon Hamilton,DT,JAX,2024
00-0036260,0.0,Javon Kinlaw,DT,NYJ,2024
00-0036256,0.0,Colton McKivitz,T,SF,2024
00-0036248,0.0,Austin Jackson,T,MIA,2024
00-0036246,0.0,Jon Runyan,G,NYG,2024
00-0036236,0.0,Nick Harris,C,CLE,2024
00-0036235,0.0,Shaquille Quarterman,ILB,LAC,2024
00-0033281,0.0,Marlon Humphrey,CB,BAL,2024
00-0033381,0.0,Adam Butler,DT,LV,2024
00-0033221,0.0,Daniel Brunskill,C,TEN,2024
00-0033156,0.0,Joey Bosa,DE,LAC,2024
00-0033132,0.0,Kevin Byard,FS,CHI,2024
00-0033131,0.0,Maliek Collins,DT,SF,2024
00-0033123,0.0,Yannick Ngakoue,DE,BAL,2024
00-0033120,0.0,Kenny Clark,DT,GB,2024
00-0036231,0.0,Kyle Dugger,FS,NE,2024
00-0036286,0.0,K'Lavon Chaisson,OLB,LV,2024
00-0036285,0.0,A.J. Terrell,CB,ATL,2024
00-0036284,0.0,Mekhi Becton,T,PHI,2024
00-0036282,0.0,Grant Delpit,SS,CLE,2024
00-0036280,0.0,Malik Harrison,OLB,BAL,2024
00-0036274,0.0,Jeff Okudah,CB,HOU,2024
00-0036272,0.0,Ben Bartch,G,SF,2024
00-0036267,0.0,Jedrick Wills,T,CLE,2024
00-0036266,0.0,Jordan Elliott,DT,SF,2024
00-0036327,0.0,Ezra Cleveland,G,JAX,2024
00-0036325,0.0,Robert Hunt,G,CAR,2024
00-0036323,0.0,Patrick Queen,ILB,PIT,2024
00-0036321,0.0,Chase Young,DE,NO,2024
00-0036249,0.0,Julian Okwara,OLB,ARI,2024
00-0036375,0.0,Amik Robertson,CB,DET,2024
00-0036313,0.0,Braden Mann,P,PHI,2024
00-0036307,0.0,Kindle Vildor,CB,DET,2024
00-0036306,0.0,Daniel Thomas,SS,JAX,2024
00-0036305,0.0,Trevis Gipson,OLB,SEA,2024
00-0036302,0.0,Jaylinn Hawkins,FS,NE,2024
00-0036300,0.0,Mykal Walker,ILB,WAS,2024
00-0036299,0.0,Troy Pride,CB,DAL,2024
00-0036298,0.0,Akeem Davis-Gaither,OLB,CIN,2024
00-0036356,0.0,Isaiah Simmons,MLB,NYG,2024
00-0036354,0.0,Kyle Hinton,G,ATL,2024
00-0036351,0.0,James Smith-Williams,DE,ATL,2024
00-0036349,0.0,Kamren Curl,SS,LA,2024
00-0036348,0.0,Josh Metellus,SS,MIN,2024
00-0036347,0.0,Blake Brandel,G,MIN,2024
00-0030114,0.0,Jordan Poyer,SS,MIA,2024
00-0036343,0.0,Khaleke Hudson,ILB,CLE,2024
00-0036341,0.0,Khalid Kareem,DE,ATL,2024
00-0036339,0.0,Kevin Dotson,G,LA,2024
00-0036338,0.0,Troy Dye,ILB,LAC,2024
00-0036337,0.0,James Lynch,NT,TEN,2024
00-0036335,0.0,D.J. Wonnum,OLB,CAR,2024
00-0036333,0.0,Alex Highsmith,OLB,PIT,2024
00-0036386,0.0,Andrew Thomas,T,NYG,2024
00-0036380,0.0,Alohi Gilman,SS,LAC,2024
00-0036378,0.0,Michael Danna,DE,KC,2024
00-0036376,0.0,Tyler Biadasz,C,WAS,2024
00-0036418,0.0,Zack Baun,OLB,PHI,2024
00-0036417,0.0,Damien Lewis,G,CAR,2024
00-0036416,0.0,Kristian Fulton,CB,LAC,2024
00-0036374,0.0,L'Jarius Sneed,CB,TEN,2024
00-0036371,0.0,Leki Fotu,NT,NYJ,2024
00-0036369,0.0,John Simpson,G,NYJ,2024
00-0036368,0.0,Tanner Muse,ILB,JAX,2024
00-0036366,0.0,Neville Gallimore,NT,LA,2024
00-0036363,0.0,Josh Jones,G,BAL,2024
00-0036362,0.0,Willie Gay,ILB,NO,2024
00-0036361,0.0,Trevon Diggs,CB,DAL,2024
00-0030386,0.0,William Gholston,DE,TB,2024
00-0030294,0.0,Tony Jefferson,SS,LAC,2024
00-0036502,0.0,Jason Pinnock,SS,NYG,2024
00-0036501,0.0,Michael Carter,CB,NYJ,2024
00-0036500,0.0,Jamien Sherwood,ILB,NYJ,2024
00-0036483,0.0,Will Fries,G,IND,2024
00-0036480,0.0,Dayo Odeyingbo,DE,IND,2024
00-0030098,0.0,Dustin Hopkins,K,CLE,2024
00-0030092,0.0,Sam Martin,P,BUF,2024
00-0030070,0.0,John Jenkins,DT,LV,2024
00-0030067,0.0,Terron Armstead,T,MIA,2024
00-0030063,0.0,Johnathan Hankins,DT,SEA,2024
00-0030062,0.0,Darius Slay,CB,PHI,2024
00-0036394,0.0,Darnay Holmes,CB,LV,2024
00-0036391,0.0,Lloyd Cushenberry,C,TEN,2024
00-0036388,0.0,Xavier McKinney,FS,GB,2024
00-0036428,0.0,Justin Strnad,ILB,DEN,2024
00-0036589,0.0,Nick McCloud,CB,NYG,2024
00-0036587,0.0,Ar'Darius Washington,FS,BAL,2024
00-0036569,0.0,Gary Brightwell,RB,CLE,2024
00-0034833,0.0,Isaiah Wynn,G,MIA,2024
00-0034728,0.0,Jaire Alexander,CB,GB,2024
00-0034723,0.0,Nick Thurman,DT,CAR,2024
00-0034721,0.0,Corey Bojorquez,P,CLE,2024
00-0034720,0.0,Robert Spillane,OLB,LV,2024
00-0034678,0.0,Alex Cappa,G,CIN,2024
00-0034677,0.0,Justin Jones,DT,ARI,2024
00-0034675,0.0,Jessie Bates,FS,ATL,2024
00-0034673,0.0,Tremaine Edmunds,ILB,CHI,2024
00-0034808,0.0,John Kelly,RB,BAL,2024
00-0034807,0.0,Ogbonnia Okoronkwo,DE,CLE,2024
00-0034805,0.0,John Franklin-Myers,DE,DEN,2024
00-0034803,0.0,Joseph Noteboom,T,LA,2024
00-0034801,0.0,Josh Woods,ILB,ATL,2024
00-0036568,0.0,Roy Lopez,NT,ARI,2024
00-0036564,0.0,Talanoa Hufanga,SS,SF,2024
00-0036413,0.0,Darrell Taylor,DE,CHI,2024
00-0036411,0.0,Antoine Winfield,FS,TB,2024
00-0036409,0.0,Jordyn Brooks,ILB,MIA,2024
00-0036408,0.0,Cesar Ruiz,C,NO,2024
00-0036403,0.0,Casey Toohill,DE,BUF,2024
00-0036395,0.0,K'Von Wallace,FS,SEA,2024
00-0030459,0.0,Tyrann Mathieu,FS,NO,2024
00-0036504,0.0,Brandin Echols,CB,NYJ,2024
00-0036624,0.0,Alim McNeill,DT,DET,2024
00-0036623,0.0,Creed Humphrey,C,KC,2024
00-0036622,0.0,Josh Myers,C,GB,2024
00-0036621,0.0,Nick Bolton,ILB,KC,2024
00-0036619,0.0,Dillon Radunz,T,TEN,2024
00-0036479,0.0,Kwity Paye,DE,IND,2024
00-0036443,0.0,Rex Sunahara,LS,CLE,2024
00-0036441,0.0,Kenneth Murray,ILB,TEN,2024
00-0036438,0.0,Stephen Sullivan,TE,CAR,2024
00-0036431,0.0,Jordan Fuller,FS,CAR,2024
00-0036430,0.0,Khalil Davis,DT,HOU,2024
00-0036604,0.0,Jordan Meredith,G,LV,2024
00-0036603,0.0,Alaric Jackson,T,LA,2024
00-0036596,0.0,Robert Jones,G,MIA,2024
00-0036648,0.0,Nick Niemann,ILB,LAC,2024
00-0036645,0.0,Shemar Jean-Charles,CB,NO,2024
00-0036644,0.0,Cameron McGrone,MLB,IND,2024
00-0036643,0.0,K.J. Britt,ILB,TB,2024
00-0036642,0.0,Tedarrell Slaton,DT,GB,2024
00-0036561,0.0,Keith Taylor,CB,KC,2024
00-0036553,0.0,Carlos Basham,OLB,NYG,2024
00-0036552,0.0,Azeez Ojulari,DE,NYG,2024
00-0036551,0.0,Aaron Banks,G,SF,2024
00-0033064,0.0,Adam Gotsis,DT,IND,2024
00-0033063,0.0,Zach Wood,LS,NO,2024
00-0033057,0.0,Jack Conklin,T,CLE,2024
00-0033055,0.0,Jalen Ramsey,CB,MIA,2024
00-0036625,0.0,Benjamin St-Juste,CB,WAS,2024
00-0036716,0.0,Amen Ogbongbemiga,ILB,CHI,2024
00-0036711,0.0,Charles Snowden,DE,LV,2024
00-0036705,0.0,Sam Kamara,OLB,CLE,2024
00-0036704,0.0,Caleb Johnson,ILB,JAX,2024
00-0036695,0.0,Naquan Jones,DT,ARI,2024
00-0036683,0.0,Devon Key,SS,DEN,2024
00-0036618,0.0,Samuel Cosmi,G,WAS,2024
00-0036617,0.0,Asante Samuel,CB,LAC,2024
00-0036616,0.0,Christian Darrisaw,T,MIN,2024
00-0036615,0.0,Caleb Farley,CB,CAR,2024
00-0036614,0.0,Jamin Davis,OLB,WAS,2024
00-0036638,0.0,Darrick Forrest,FS,WAS,2024
00-0036634,0.0,Tony Fields,OLB,CLE,2024
00-0034794,0.0,Jason Sanders,K,MIA,2024
00-0034790,0.0,Derwin James,SS,LAC,2024
00-0034573,0.0,Charvarius Ward,CB,SF,2024
00-0034540,0.0,Tony Brown,CB,CLE,2024
00-0034527,0.0,Ryan Neal,SS,TB,2024
00-0034514,0.0,Levi Wallace,CB,DEN,2024
00-0034495,0.0,Evan Brown,C,ARI,2024
00-0034490,0.0,Ezekiel Turner,ILB,DET,2024
00-0034778,0.0,Carlton Davis,CB,DET,2024
00-0034773,0.0,Vita Vea,NT,TB,2024
00-0034760,0.0,Nathan Shepherd,DT,NO,2024
00-0034836,0.0,Braden Smith,T,IND,2024
00-0036629,0.0,Camryn Bynum,FS,MIN,2024
00-0033109,0.0,Javon Hargrave,DT,SF,2024
00-0033103,0.0,Artie Burns,CB,SEA,2024
00-0031363,0.0,Michael Palardy,P,ARI,2024
00-0031360,0.0,Kyle Van Noy,OLB,BAL,2024
00-0031357,0.0,C.J. Goodwin,CB,DAL,2024
00-0033073,0.0,Emmanuel Ogbah,DE,MIA,2024
00-0033072,0.0,Leonard Floyd,DE,SF,2024
00-0033066,0.0,Andrew Billings,DT,CHI,2024
00-0036878,0.0,Janarius Robinson,DE,LV,2024
00-0036682,0.0,Malik Herring,DE,KC,2024
00-0036678,0.0,Dicaprio Bootle,CB,LAC,2024
00-0036677,0.0,Zayne Anderson,FS,GB,2024
00-0036672,0.0,Grant Stuard,MLB,IND,2024
00-0036661,0.0,Israel Mukuamu,FS,DAL,2024
00-0036660,0.0,Trey Smith,G,KC,2024
00-0036658,0.0,Isaiah McDuffie,ILB,GB,2024
00-0036655,0.0,Cole Van Lanen,T,JAX,2024
00-0036653,0.0,Stone Forsythe,T,SEA,2024
00-0036843,0.0,Isaiahh Loudermilk,DE,PIT,2024
00-0036833,0.0,Ryan Neuzil,C,ATL,2024
00-0036905,0.0,Larry Borom,T,CHI,2024
00-0036904,0.0,Robert Rochell,CB,GB,2024
00-0036903,0.0,Bobby Brown,NT,LA,2024
00-0036816,0.0,Riley Patterson,K,NYJ,2024
00-0036813,0.0,Christian Elliss,ILB,NE,2024
00-0036802,0.0,Jon Rhattigan,ILB,CAR,2024
00-0036795,0.0,Jake Curhan,T,CHI,2024
00-0036783,0.0,Ryan McCollum,C,PIT,2024
00-0036736,0.0,Kayode Awosika,G,DET,2024
00-0036728,0.0,Curtis Robinson,ILB,SF,2024
00-0036727,0.0,Adam Prentice,FB,NO,2024
00-0036884,0.0,Marco Wilson,CB,NE,2024
00-0036883,0.0,Tommy Togiai,DT,HOU,2024
00-0036881,0.0,Jay Tufele,DT,CIN,2024
00-0036880,0.0,Penei Sewell,T,DET,2024
00-0036937,0.0,Paulson Adebo,CB,NO,2024
00-0036935,0.0,Kelvin Joseph,CB,IND,2024
00-0036934,0.0,Jaelan Phillips,OLB,MIA,2024
00-0036933,0.0,Zaven Collins,OLB,ARI,2024
00-0036932,0.0,Micah Parsons,DE,DAL,2024
00-0036930,0.0,Landon Young,T,NO,2024
00-0036874,0.0,Patrick Surtain,CB,DEN,2024
00-0036871,0.0,Nate Hobbs,CB,LV,2024
00-0036870,0.0,Buddy Johnson,ILB,DAL,2024
00-0036869,0.0,Dan Moore,T,PIT,2024
00-0036866,0.0,James Hudson,T,CLE,2024
00-0036865,0.0,Jackson Carman,T,MIA,2024
00-0036854,0.0,Evan McPherson,K,CIN,2024
00-0036914,0.0,Gregory Rousseau,DE,BUF,2024
00-0036909,0.0,Khyiris Tonga,NT,ARI,2024
00-0036961,0.0,Richie Grant,SS,ATL,2024
00-0036957,0.0,Drew Dalman,C,ATL,2024
00-0036956,0.0,Darren Hall,FS,ARI,2024
00-0036954,0.0,Levi Onwuzurike,DE,DET,2024
00-0036953,0.0,Teven Jenkins,T,CHI,2024
00-0036952,0.0,Jonathon Cooper,OLB,DEN,2024
00-0036902,0.0,Joseph Ossai,DE,CIN,2024
00-0036901,0.0,Eric Stokes,CB,GB,2024
00-0036896,0.0,Victor Dimukeje,OLB,ARI,2024
00-0036895,0.0,Elerson Smith,OLB,CLE,2024
00-0036888,0.0,Damar Hamlin,SS,BUF,2024
00-0036885,0.0,Tre Brown,CB,SEA,2024
00-0036940,0.0,Odafe Oweh,OLB,BAL,2024
00-0032939,0.0,Vonn Bell,SS,CIN,2024
00-0032933,0.0,Antonio Hamilton,CB,ATL,2024
00-0036982,0.0,Chauncey Golston,DE,DAL,2024
00-0036981,0.0,Christian Barmore,DT,NE,2024
00-0036979,0.0,Alijah Vera-Tucker,G,NYJ,2024
00-0036977,0.0,Ben Cleveland,G,BAL,2024
00-0036976,0.0,Spencer Brown,T,BUF,2024
00-0036975,0.0,Walker Little,T,JAX,2024
00-0036927,0.0,Pete Werner,ILB,NO,2024
00-0036926,0.0,Payton Turner,DE,NO,2024
00-0036922,0.0,Patrick Johnson,OLB,NYG,2024
00-0036920,0.0,Marlon Tuipulotu,DT,KC,2024
00-0036916,0.0,Milton Williams,DT,PHI,2024
00-0036915,0.0,Jeremiah Owusu-Koramoah,OLB,CLE,2024
00-0036962,0.0,Trevon Moehrig,FS,LV,2024
00-0036948,0.0,Ta'Quon Graham,DE,ATL,2024
00-0036944,0.0,Jaycee Horn,CB,CAR,2024
00-0036943,0.0,Mitchell Fraboni,LS,DEN,2024
00-0036942,0.0,Osa Odighizuwa,DT,DAL,2024
00-0036941,0.0,Andre Cisco,SS,JAX,2024
00-0033051,0.0,David Onyemata,DT,ATL,2024
00-0033046,0.0,Jihad Ward,OLB,MIN,2024
00-0033038,0.0,Eric Murray,FS,HOU,2024
00-0033269,0.0,Rigoberto Sanchez,P,IND,2024
00-0033260,0.0,Thomas Hennessy,LS,NYJ,2024
00-0033251,0.0,Zach Pascal,WR,ARI,2024
00-0032965,0.0,Ronnie Stanley,T,BAL,2024
00-0032954,0.0,Isaac Seumalo,G,PIT,2024
00-0032942,0.0,Kevon Seymour,CB,WAS,2024
00-0037075,0.0,Devonte Wyatt,DT,GB,2024
00-0037074,0.0,Quay Walker,ILB,GB,2024
00-0037073,0.0,Jordan Davis,DT,PHI,2024
00-0037057,0.0,Keir Thomas,OLB,LA,2024
00-0036974,0.0,Tyson Campbell,CB,JAX,2024
00-0036968,0.0,Brady Christensen,G,CAR,2024
00-0036967,0.0,Joe Tryon,OLB,TB,2024
00-0036964,0.0,Derrick Barnes,ILB,DET,2024
00-0037003,0.0,Chazz Surratt,ILB,NYJ,2024
00-0037002,0.0,Landon Dickerson,G,PHI,2024
00-0037001,0.0,Quinn Meinerz,G,DEN,2024
00-0037000,0.0,Monty Rice,ILB,NE,2024
00-0036998,0.0,Jevon Holland,SS,MIA,2024
00-0036950,0.0,Avery Williams,RB,ATL,2024
00-0036949,0.0,Adetokunbo Ogundeji,OLB,PIT,2024
00-0037112,0.0,Jake Tonges,TE,SF,2024
00-0037109,0.0,Jack Sanborn,ILB,CHI,2024
00-0037106,0.0,Jaylon Jones,CB,CHI,2024
00-0037097,0.0,Trenton Gill,P,TB,2024
00-0037096,0.0,Elijah Hicks,FS,CHI,2024
00-0034746,0.0,Maurice Hurst,DT,CLE,2024
00-0034445,0.0,Nick Gates,C,PHI,2024
00-0034437,0.0,Logan Cooke,P,JAX,2024
00-0034431,0.0,Zaire Franklin,OLB,IND,2024
00-0034429,0.0,Jordan Mailata,T,PHI,2024
00-0034424,0.0,Matthew Adams,OLB,NYG,2024
00-0034419,0.0,Braxton Berrios,WR,MIA,2024
00-0034417,0.0,Matt Pryor,T,CHI,2024
00-0034413,0.0,Foyesade Oluokun,ILB,JAX,2024
00-0034399,0.0,Wyatt Teller,G,CLE,2024
00-0034668,0.0,Aaron Stinnie,G,NYG,2024
00-0034639,0.0,Mike Ford,CB,CLE,2024
00-0034797,0.0,Jerome Baker,ILB,SEA,2024
00-0036996,0.0,Greg Newsome,CB,CLE,2024
00-0036995,0.0,Baron Browning,OLB,DEN,2024
00-0036994,0.0,Ernest Jones,ILB,TEN,2024
00-0036993,0.0,Ifeatu Melifonwu,CB,DET,2024
00-0036992,0.0,Elijah Molden,CB,LAC,2024
00-0036987,0.0,Brandon Stephens,FS,BAL,2024
00-0037082,0.0,Dominique Robinson,DE,CHI,2024
00-0037081,0.0,Braxton Jones,T,CHI,2024
00-0037079,0.0,Tariq Woolen,CB,SEA,2024
00-0037076,0.0,Sean Rhyan,G,GB,2024
00-0037196,0.0,Rasheed Walker,T,GB,2024
00-0037195,0.0,Jaylen Watson,CB,KC,2024
00-0037193,0.0,Bryan Cook,FS,KC,2024
00-0037192,0.0,George Karlaftis,DE,KC,2024
00-0037191,0.0,Trent McDuffie,CB,KC,2024
00-0037190,0.0,Ahmad Gardner,CB,NYJ,2024
00-0037051,0.0,Elijah Garcia,DE,NYG,2024
00-0037043,0.0,Amare Barno,OLB,CAR,2024
00-0037034,0.0,Dee Alford,CB,ATL,2024
00-0037010,0.0,Liam Eichenberg,G,MIA,2024
00-0037009,0.0,Rashawn Slater,T,LAC,2024
00-0037007,0.0,Patrick Jones,OLB,MIN,2024
00-0037130,0.0,Reed Blankenship,SS,PHI,2024
00-0037244,0.0,Devin Lloyd,ILB,JAX,2024
00-0037242,0.0,Kaiir Elam,CB,BUF,2024
00-0037241,0.0,Trevor Penning,T,NO,2024
00-0037237,0.0,Derek Stingley,CB,HOU,2024
00-0037236,0.0,Aidan Hutchinson,DE,DET,2024
00-0037235,0.0,Travon Walker,DE,JAX,2024
00-0037094,0.0,Jonathan Ford,DT,CHI,2024
00-0037093,0.0,Dareke Young,WR,SEA,2024
00-0037088,0.0,Doug Kramer,C,CHI,2024
00-0037083,0.0,Kingsley Enagbare,DE,GB,2024
00-0037203,0.0,LaBryan Ray,DE,CAR,2024
00-0037198,0.0,Nazeeh Johnson,CB,KC,2024
00-0037208,0.0,Jack Cochrane,ILB,KC,2024
00-0037205,0.0,Brenden Schooler,FS,NE,2024
00-0037262,0.0,Thomas Booker,DT,PHI,2024
00-0037260,0.0,D.J. Davidson,DT,NYG,2024
00-0037259,0.0,Micah McFadden,MLB,NYG,2024
00-0037255,0.0,Dylan Parham,G,LV,2024
00-0037254,0.0,Terrel Bernard,MLB,BUF,2024
00-0037184,0.0,Josh Ross,ILB,BAL,2024
00-0037179,0.0,Jeremiah Moon,OLB,PIT,2024
00-0037156,0.0,Irvin Charles,WR,NYJ,2024
00-0037155,0.0,Tony Adams,FS,NYJ,2024
00-0037153,0.0,Vi Jones,ILB,TB,2024
00-0037141,0.0,Joey Blount,FS,ARI,2024
00-0037137,0.0,Josh Jobe,CB,SEA,2024
00-0037251,0.0,Alex Wright,DE,CLE,2024
00-0037250,0.0,Martin Emerson,CB,CLE,2024
00-0037249,0.0,Nik Bonitto,OLB,DEN,2024
00-0037246,0.0,Jalen Pitre,FS,HOU,2024
00-0037283,0.0,John Ridgeway,DT,NO,2024
00-0037281,0.0,Damone Clark,ILB,DAL,2024
00-0037280,0.0,Matthew Butler,DT,LV,2024
00-0037278,0.0,Luke Wattenberg,C,DEN,2024
00-0037275,0.0,Daron Bland,CB,DAL,2024
00-0037274,0.0,Esezi Otomewo,DE,JAX,2024
00-0037272,0.0,Montrell Washington,WR,KC,2024
00-0037229,0.0,Ikem Ekwonu,T,CAR,2024
00-0037224,0.0,Cameron Dicker,K,LAC,2024
00-0037216,0.0,Justyn Ross,WR,KC,2024
00-0032753,0.0,Luke Rhodes,LS,IND,2024
00-0032726,0.0,Ka'imi Fairbairn,K,HOU,2024
00-0032671,0.0,Morgan Fox,DT,LAC,2024
00-0034382,0.0,Marquis Haynes,OLB,CAR,2024
00-0034381,0.0,Josh Sweat,OLB,PHI,2024
00-0034377,0.0,Avonte Maddox,CB,PHI,2024
00-0034376,0.0,Taron Johnson,CB,BUF,2024
00-0034375,0.0,Kyzir White,ILB,ARI,2024
00-0034374,0.0,Jordan Whitehead,SS,TB,2024
00-0034373,0.0,Dorance Armstrong,DE,WAS,2024
00-0034371,0.0,Da'Shawn Hand,DE,MIA,2024
00-0034368,0.0,Josey Jewell,ILB,CAR,2024
00-0034465,0.0,Jeremy Reaves,FS,WAS,2024
00-0034461,0.0,Bruce Hector,DT,NYJ,2024
00-0034473,0.0,Dennis Gardeck,OLB,ARI,2024
00-0034759,0.0,Kolton Miller,T,LV,2024
00-0034756,0.0,Tre Flowers,CB,JAX,2024
00-0034754,0.0,Oren Burks,OLB,PHI,2024
00-0034752,0.0,Orlando Brown,T,CIN,2024
00-0032667,0.0,Roy Robertson-Harris,DT,JAX,2024
00-0037307,0.0,Ja'Sir Taylor,CB,LAC,2024
00-0037301,0.0,Theo Jackson,FS,MIN,2024
00-0037299,0.0,Keaontay Ingram,RB,KC,2024
00-0037298,0.0,Sam Roberts,DE,CAR,2024
00-0037297,0.0,Cade Mays,G,CAR,2024
00-0037271,0.0,D'Marco Jackson,MLB,NO,2024
00-0037270,0.0,Otito Ogbonnia,DT,LAC,2024
00-0037269,0.0,Eric Johnson,DT,NE,2024
00-0037268,0.0,Zyon McCollum,CB,TB,2024
00-0037266,0.0,Matt Waletzko,T,DAL,2024
00-0037311,0.0,Ko Kieft,TE,TB,2024
00-0037310,0.0,James Houston,DE,DET,2024
00-0032892,0.0,Nick Vigil,ILB,DAL,2024
00-0032891,0.0,Daryl Worley,FS,TEN,2024
00-0032889,0.0,A'Shawn Robinson,DE,CAR,2024
00-0032803,0.0,Jalen Mills,CB,NYJ,2024
00-0033093,0.0,Jonathan Bullard,DE,MIN,2024
00-0033084,0.0,Kendall Fuller,CB,MIA,2024
00-0033082,0.0,Lucas Patrick,G,NO,2024
00-0032762,0.0,Chris Jones,DT,KC,2024
00-0032759,0.0,Sheldon Rankins,DT,CIN,2024
00-0037387,0.0,Jalen Virgil,WR,BUF,2024
00-0037295,0.0,Jamaree Salyer,G,LAC,2024
00-0037294,0.0,Jordan Jackson,DE,DEN,2024
00-0037289,0.0,Malcolm Rodriguez,ILB,DET,2024
00-0037288,0.0,Christian Benford,CB,BUF,2024
00-0037356,0.0,Ben Stille,DT,TB,2024
00-0037353,0.0,Kader Kohou,CB,MIA,2024
00-0037336,0.0,Brock Hoffman,C,DAL,2024
00-0037332,0.0,D'Anthony Bell,SS,CLE,2024
00-0037330,0.0,Jesse Luketa,OLB,ARI,2024
00-0037323,0.0,Rodney Thomas,FS,IND,2024
00-0037320,0.0,Deane Leonard,CB,LAC,2024
00-0037459,0.0,Kurt Hinish,DT,HOU,2024
00-0037319,0.0,Faion Hicks,CB,SEA,2024
00-0037318,0.0,Baylon Spector,ILB,BUF,2024
00-0037316,0.0,Mark Robinson,ILB,PIT,2024
00-0037315,0.0,Cameron Goode,OLB,MIA,2024
00-0037314,0.0,Isaiah Thomas,OLB,DET,2024
00-0037313,0.0,Montaric Brown,CB,JAX,2024
00-0037428,0.0,Alec Anderson,G,BUF,2024
00-0037414,0.0,Devin Cochran,T,CIN,2024
00-0037413,0.0,Ben Brown,G,NE,2024
00-0037412,0.0,Cal Adomitis,LS,CIN,2024
00-0037404,0.0,Ryan Van Demark,T,BUF,2024
00-0037395,0.0,Dallis Flowers,CB,IND,2024
00-0037392,0.0,Trevor Denbow,FS,IND,2024
00-0037544,0.0,Nephi Sewell,MLB,NO,2024
00-0037542,0.0,John Parker Romo,K,MIN,2024
00-0037385,0.0,Michael Niese,T,DET,2024
00-0037384,0.0,Ja'Quan McMillian,CB,DEN,2024
00-0037383,0.0,Kana'i Mauga,ILB,LV,2024
00-0037380,0.0,Kaden Davis,WR,CLE,2024
00-0037364,0.0,Arron Mosby,DE,GB,2024
00-0037512,0.0,Isaiah Pola-Mao,FS,LV,2024
00-0037500,0.0,Ryan Wright,P,MIN,2024
00-0037493,0.0,Mike Brown,FS,TEN,2024
00-0037468,0.0,Raheem Layne,SS,NYG,2024
00-0037461,0.0,Tristin McCollum,FS,PHI,2024
00-0037607,0.0,Ryan Stonehouse,P,TEN,2024
00-0037603,0.0,Jayden Peevy,DT,CAR,2024
00-0037602,0.0,Sam Okuayinonu,DE,SF,2024
00-0037457,0.0,Jake Hansen,OLB,HOU,2024
00-0037456,0.0,Troy Hairston,FB,HOU,2024
00-0037451,0.0,Rod Williams,TE,PIT,2024
00-0037447,0.0,Tomon Fox,OLB,NYG,2024
00-0037431,0.0,Kingsley Jonathan,DE,BUF,2024
00-0037561,0.0,Markquese Bell,FS,DAL,2024
00-0037560,0.0,Chandler Wooten,ILB,CAR,2024
00-0037549,0.0,Darrell Baker,CB,TEN,2024
00-0037547,0.0,Daniel Whelan,P,GB,2024
00-0037711,0.0,Jeremiah Pharms,DE,NE,2024
00-0037708,0.0,Maurice Alexander,WR,DET,2024
00-0037692,0.0,Brandon Aubrey,K,DAL,2024
00-0037667,0.0,Kerby Joseph,FS,DET,2024
00-0037663,0.0,Jermaine Johnson,OLB,NYJ,2024
00-0034355,0.0,M.J. Stewart,SS,HOU,2024
00-0034352,0.0,Connor Williams,C,SEA,2024
00-0034350,0.0,Uchenna Nwosu,OLB,SEA,2024
00-0034346,0.0,Will Hernandez,G,ARI,2024
00-0034345,0.0,Frank Ragnow,C,DET,2024
00-0034344,0.0,Marcus Davenport,OLB,DET,2024
00-0034342,0.0,Quenton Nelson,G,IND,2024
00-0034397,0.0,Tim Settle,DT,HOU,2024
00-0034391,0.0,Siran Neal,CB,MIA,2024
00-0034387,0.0,Bilal Nichols,DT,ARI,2024
00-0034623,0.0,Andre Chachere,SS,ARI,2024
00-0034612,0.0,Demone Harris,DE,ATL,2024
00-0025565,0.0,Nick Folk,K,TEN,2024
00-0034385,0.0,Ja'Whaun Bentley,ILB,NE,2024
00-0034384,0.0,D.J. Reed,CB,NYJ,2024
00-0037662,0.0,C.J. Brewer,DT,TB,2024
00-0037527,0.0,Segun Olubi,MLB,IND,2024
00-0037526,0.0,Marcelino McCrary-Ball,ILB,NYJ,2024
00-0037517,0.0,Luke Masterson,OLB,LV,2024
00-0037516,0.0,Sam Webb,CB,LV,2024
00-0037616,0.0,Nick Cross,SS,IND,2024
00-0037615,0.0,Nakobe Dean,ILB,PHI,2024
00-0037613,0.0,Kenyon Green,G,HOU,2024
00-0037612,0.0,Evan Neal,T,NYG,2024
00-0037611,0.0,Kayvon Thibodeaux,OLB,NYG,2024
00-0037808,0.0,DeAngelo Malone,OLB,ATL,2024
00-0037807,0.0,Joshua Ezeudu,G,NYG,2024
00-0037804,0.0,Zach Carter,DT,CIN,2024
00-0037799,0.0,Dondrea Tillman,OLB,DEN,2024
00-0037759,0.0,DeMarvin Leal,DE,PIT,2024
00-0037758,0.0,Cordale Flott,CB,NYG,2024
00-0037757,0.0,Bernhard Raimann,T,IND,2024
00-0037756,0.0,Travis Jones,DT,BAL,2024
00-0037596,0.0,Jack Gibbens,ILB,TEN,2024
00-0037593,0.0,Tre Avery,CB,TEN,2024
00-0037591,0.0,Leroy Watson,T,TEN,2024
00-0037587,0.0,Nate Landman,ILB,ATL,2024
00-0037743,0.0,Dax Hill,CB,CIN,2024
00-0037830,0.0,Samuel Womack,CB,IND,2024
00-0026027,0.0,J.J. Jansen,LS,CAR,2024
00-0037825,0.0,Tyler Linderbaum,C,BAL,2024
00-0037823,0.0,Christian Harris,ILB,HOU,2024
00-0037822,0.0,Brian Asamoah,ILB,MIN,2024
00-0037821,0.0,Charles Cross,T,SEA,2024
00-0037819,0.0,Leo Chenal,OLB,KC,2024
00-0037818,0.0,Zion Johnson,G,LAC,2024
00-0037817,0.0,Zach Tom,T,GB,2024
00-0037661,0.0,Ja'Marcus Ingram,CB,BUF,2024
00-0037639,0.0,William Kwenkeu,ILB,BAL,2024
00-0037633,0.0,Jake Hummel,ILB,LA,2024
00-0037627,0.0,Mike Greene,DT,TB,2024
00-0032437,0.0,Kamu Grugier-Hill,ILB,MIN,2024
00-0032424,0.0,D.J. Reader,NT,DET,2024
00-0032416,0.0,Quinton Jefferson,DE,CLE,2024
00-0032415,0.0,Matt Judon,OLB,ATL,2024
00-0032412,0.0,Dean Lowry,DE,PIT,2024
00-0038039,0.0,Jack Jones,CB,LV,2024
00-0038038,0.0,Kyle Hamilton,SS,BAL,2024
00-0037845,0.0,A.J. Arcuri,T,LA,2024
00-0037844,0.0,Russ Yeast,FS,HOU,2024
00-0037843,0.0,Daniel Hardy,DE,CHI,2024
00-0037841,0.0,Quentin Lake,FS,LA,2024
00-0037754,0.0,Nicholas Petit-Frere,T,TEN,2024
00-0037753,0.0,Cam Taylor-Britt,CB,CIN,2024
00-0037752,0.0,Tycen Anderson,SS,CIN,2024
00-0037815,0.0,Cameron Thomas,DE,CLE,2024
00-0037813,0.0,Channing Tindall,ILB,MIA,2024
00-0037812,0.0,Abraham Lucas,T,SEA,2024
00-0037811,0.0,Chad Muma,ILB,JAX,2024
00-0037810,0.0,Troy Andersen,ILB,ATL,2024
00-0038043,0.0,Joshua Williams,CB,KC,2024
00-0038042,0.0,Jake Camarda,P,TB,2024
00-0032580,0.0,Jonathan Jones,CB,NE,2024
00-0032574,0.0,Michael Pierce,NT,BAL,2024
00-0032569,0.0,Wil Lutz,K,DEN,2024
00-0032543,0.0,Alex Erickson,WR,NE,2024
00-0033011,0.0,Connor McGovern,C,NO,2024
00-0033010,0.0,Sheldon Day,DT,WAS,2024
00-0032971,0.0,Justin Simmons,FS,ATL,2024
00-0032445,0.0,Ted Karras,C,CIN,2024
00-0032442,0.0,Elandon Roberts,ILB,PIT,2024
00-0029621,0.0,Greg Zuerlein,K,NYJ,2024
00-0029607,0.0,Demario Davis,MLB,NO,2024
00-0029606,0.0,Harrison Smith,SS,MIN,2024
00-0037839,0.0,Cobie Durant,CB,LA,2024
00-0037835,0.0,Luke Goedeke,G,TB,2024
00-0037832,0.0,Kalia Davis,DT,SF,2024
00-0037831,0.0,Nick Zakelj,G,SF,2024
00-0038105,0.0,Damarri Mathis,CB,DEN,2024
00-0038103,0.0,Cole Strange,G,NE,2024
00-0038101,0.0,Akayleb Evans,CB,MIN,2024
00-0038100,0.0,Percy Butler,FS,WAS,2024
00-0038099,0.0,Phidarian Mathis,DT,WAS,2024
00-0038097,0.0,Cade York,K,WAS,2024
00-0038096,0.0,Josh Paschal,DE,DET,2024
00-0038121,0.0,Alontae Taylor,CB,NO,2024
00-0038119,0.0,Jalyn Armour-Davis,CB,BAL,2024
00-0038118,0.0,Daniel Faalele,T,BAL,2024
00-0038116,0.0,Arnold Ebiketie,OLB,ATL,2024
00-0038095,0.0,Cordell Volson,G,CIN,2024
00-0038094,0.0,Jordan Stout,P,BAL,2024
00-0038093,0.0,Neil Farrell,DT,MIA,2024
00-0038092,0.0,Erik Ezukanma,WR,MIA,2024
00-0038090,0.0,Skyy Moore,WR,KC,2024
00-0029963,0.0,Christopher Hubbard,T,NYG,2024
00-0029822,0.0,Brandon McManus,K,GB,2024
00-0029714,0.0,Andrew DePaola,LS,MIN,2024
00-0029008,0.0,Charley Hughlett,LS,CLE,2024
00-0029685,0.0,Greg Van Roten,G,NYG,2024
00-0038386,0.0,Jalen Carter,DT,PHI,2024
00-0038383,0.0,Andrew Vorhees,G,BAL,2024
00-0038381,0.0,Kyu Blu Kelly,CB,LV,2024
00-0038348,0.0,Josh Butler,CB,DAL,2024
00-0038142,0.0,David Ojabo,OLB,BAL,2024
00-0038136,0.0,Coby Bryant,CB,SEA,2024
00-0038135,0.0,Jaquan Brisker,SS,CHI,2024
00-0029597,0.0,Justin Tucker,K,BAL,2024
00-0029592,0.0,Kevin Zeitler,G,DET,2024
00-0029562,0.0,Lavonte David,ILB,TB,2024
00-0029542,0.0,Stephon Gilmore,CB,MIN,2024
00-0029316,0.0,Kelvin Beachum,T,ARI,2024
00-0038125,0.0,Roger McCreary,CB,TEN,2024
00-0038412,0.0,Moro Ojomo,DT,PHI,2024
00-0038411,0.0,Anthony Johnson,FS,NYG,2024
00-0038408,0.0,Carrington Valentine,CB,GB,2024
00-0038407,0.0,Jaylon Jones,CB,IND,2024
00-0038404,0.0,Titus Leo,DE,NE,2024
00-0034275,0.0,Folorunso Fatukasi,DT,HOU,2024
00-0033598,0.0,Eli Ankou,DT,BUF,2024
00-0033595,0.0,Pat O'Connor,DE,DET,2024
00-0033880,0.0,Charles Harris,DE,CAR,2024
00-0033878,0.0,Adoree' Jackson,CB,NYG,2024
00-0033877,0.0,Malik Hooker,FS,DAL,2024
00-0033876,0.0,Derek Barnett,DE,HOU,2024
00-0033571,0.0,Matt Milano,OLB,BUF,2024
00-0033570,0.0,Anthony Walker,MLB,MIA,2024
00-0033566,0.0,Desmond King,CB,HOU,2024
00-0033563,0.0,Carlos Watkins,DE,DAL,2024
00-0034450,0.0,Greg Joseph,K,NYG,2024
00-0034446,0.0,Jalen Davis,CB,CIN,2024
00-0034359,0.0,Tyquan Lewis,DE,IND,2024
00-0034357,0.0,Isaiah Oliver,CB,NYJ,2024
00-0034356,0.0,Donte Jackson,CB,PIT,2024
00-0038403,0.0,Tre Hawkins,CB,NYG,2024
00-0038402,0.0,Anders Carlson,K,SF,2024
00-0038401,0.0,Jarrick Bernard-Converse,CB,NYJ,2024
00-0038114,0.0,Max Mitchell,T,NYJ,2024
00-0038112,0.0,Cam Jurgens,G,PHI,2024
00-0038111,0.0,Kyler Gordon,CB,CHI,2024
00-0038107,0.0,Micheal Clemons,DE,NYJ,2024
00-0038106,0.0,Eyioma Uwazurike,DE,DEN,2024
00-0038387,0.0,Colby Wooden,DT,GB,2024
00-0032379,0.0,Eli Apple,CB,LAC,2024
00-0032378,0.0,DeForest Buckner,DT,IND,2024
00-0032366,0.0,Tyler Matakevich,MLB,PIT,2024
00-0038493,0.0,Claudin Cherelus,ILB,CAR,2024
00-0038490,0.0,Ty Zentner,P,LA,2024
00-0038488,0.0,Brady Russell,TE,SEA,2024
00-0038487,0.0,Eli Ricks,CB,PHI,2024
00-0038479,0.0,Dyontae Johnson,ILB,NYG,2024
00-0038133,0.0,Boye Mafe,OLB,SEA,2024
00-0038131,0.0,Ed Ingram,G,MIN,2024
00-0038130,0.0,Andrew Booth,CB,DAL,2024
00-0038127,0.0,Logan Hall,DE,TB,2024
00-0038414,0.0,Kendall Williamson,SS,LAC,2024
00-0038395,0.0,Terell Smith,CB,CHI,2024
00-0038390,0.0,Noah Sewell,ILB,CHI,2024
00-0038504,0.0,Trenton Simpson,ILB,BAL,2024
00-0032401,0.0,De'Vondre Campbell,ILB,SF,2024
00-0032399,0.0,Miles Killebrew,SS,PIT,2024
00-0032395,0.0,Graham Glasgow,G,DET,2024
00-0032774,0.0,Deon Bush,SS,KC,2024
00-0032768,0.0,Cody Whitehair,G,LV,2024
00-0032763,0.0,Austin Johnson,DT,BUF,2024
00-0032384,0.0,Germain Ifedi,G,CLE,2024
00-0032383,0.0,Ryan Kelly,C,IND,2024
00-0032381,0.0,Taylor Decker,T,DET,2024
00-0032380,0.0,Laremy Tunsil,T,HOU,2024
00-0038557,0.0,Dorian Williams,OLB,BUF,2024
00-0038556,0.0,DeMarvion Overshown,ILB,DAL,2024
00-0038471,0.0,Kadeem Telfort,T,GB,2024
00-0038463,0.0,Brenton Cox,DE,GB,2024
00-0038549,0.0,D.J. Turner,CB,CIN,2024
00-0038548,0.0,O'Cyrus Torrence,G,BUF,2024
00-0038546,0.0,Myles Murphy,DE,CIN,2024
00-0038545,0.0,Mazi Smith,DT,DAL,2024
00-0038541,0.0,Tyree Wilson,DE,LV,2024
00-0038540,0.0,Paris Johnson,T,ARI,2024
00-0038536,0.0,Chandler Zavala,G,CAR,2024
00-0038535,0.0,D.J. Johnson,OLB,CAR,2024
00-0038398,0.0,Karl Brooks,DT,GB,2024
00-0038584,0.0,Jaquelin Roy,NT,NE,2024
00-0038581,0.0,K.J. Henry,DE,DAL,2024
00-0038580,0.0,Yasir Abdullah,OLB,JAX,2024
00-0038578,0.0,Jay Ward,SS,MIN,2024
00-0038577,0.0,Nick Herbig,OLB,PIT,2024
00-0038514,0.0,Truman Jones,DE,NE,2024
00-0038513,0.0,Cam Jones,ILB,KC,2024
00-0038506,0.0,Jordon Riley,NT,NYG,2024
00-0038505,0.0,Tavius Robinson,OLB,BAL,2024
00-0038569,0.0,Sidy Sow,G,NE,2024
00-0038568,0.0,Clark Phillips,CB,ATL,2024
00-0038567,0.0,Chad Ryland,K,ARI,2024
00-0038562,0.0,Jake Moody,K,SF,2024
00-0038560,0.0,Jordan Battle,SS,CIN,2024
00-0032109,0.0,Kwon Alexander,OLB,DEN,2024
00-0038605,0.0,J.L. Skinner,SS,DEN,2024
00-0038603,0.0,Robert Beal,DE,SF,2024
00-0038602,0.0,Christopher Smith,SS,LV,2024
00-0038601,0.0,Asim Richards,T,DAL,2024
00-0034261,0.0,Austin Corbett,C,CAR,2024
00-0034251,0.0,Daniel Ekuale,DT,NE,2024
00-0034361,0.0,Justin Reid,SS,KC,2024
00-0034360,0.0,Lorenzo Carter,OLB,ATL,2024
00-0034198,0.0,Trent Sieg,LS,DAL,2024
00-0034173,0.0,Eddy Pineiro,K,CAR,2024
00-0034163,0.0,Jake Martin,DE,CHI,2024
00-0028946,0.0,Aaron Brewer,LS,ARI,2024
00-0034161,0.0,Daniel Carlson,K,LV,2024
00-0034296,0.0,Ben Niemann,ILB,DET,2024
00-0034285,0.0,Zach Sieler,DE,MIA,2024
00-0034281,0.0,Bradley Bozeman,C,LAC,2024
00-0034278,0.0,Tremon Smith,CB,DEN,2024
00-0034277,0.0,DeShon Elliott,FS,PIT,2024
00-0038600,0.0,Owen Pappoe,ILB,ARI,2024
00-0038599,0.0,Henry To'oTo'o,ILB,HOU,2024
00-0038596,0.0,Antonio Johnson,FS,JAX,2024
00-0038554,0.0,Ji'Ayir Brown,SS,SF,2024
00-0038553,0.0,Daiyan Henley,ILB,LAC,2024
00-0038552,0.0,Riley Moss,CB,DEN,2024
00-0038588,0.0,Jordan Howden,SS,NO,2024
00-0038587,0.0,Jammie Robinson,SS,CAR,2024
00-0038585,0.0,Cameron Mitchell,CB,CLE,2024
00-0038570,0.0,Ventrell Miller,ILB,JAX,2024
00-0038613,0.0,Jerrick Reed,SS,SEA,2024
00-0038610,0.0,Bryce Baringer,P,NE,2024
00-0032265,0.0,Mario Edwards,DT,HOU,2024
00-0032242,0.0,Rob Havenstein,T,LA,2024
00-0032234,0.0,Laken Tomlinson,G,SEA,2024
00-0032521,0.0,Mike Hilton,CB,CIN,2024
00-0032497,0.0,Reid Ferguson,LS,BUF,2024
00-0032463,0.0,Kyle Peko,DT,DET,2024
00-0032164,0.0,Arik Armstead,DE,JAX,2024
00-0032162,0.0,T.Y. McGill,DT,SF,2024
00-0032146,0.0,Bud Dupree,OLB,LAC,2024
00-0032134,0.0,C.J. Uzomah,TE,PHI,2024
00-0032129,0.0,Jordan Hicks,ILB,CLE,2024
00-0038648,0.0,Jalen Graham,ILB,SF,2024
00-0038594,0.0,Darrell Luter,CB,SF,2024
00-0038593,0.0,Olusegun Oluwatimi,C,SEA,2024
00-0038591,0.0,Mike Morris,DE,SEA,2024
00-0038590,0.0,Justin Shorter,TE,LV,2024
00-0038641,0.0,Isaiah Bolden,CB,NE,2024
00-0038639,0.0,Cory Trice,CB,PIT,2024
00-0038635,0.0,Andre Jones,DE,WAS,2024
00-0038634,0.0,Nesta Jade Silvera,DT,LV,2024
00-0038625,0.0,Dee Winters,ILB,SF,2024
00-0038623,0.0,Dante Stills,DT,ARI,2024
00-0038574,0.0,Isaiah McGuire,DE,CLE,2024
00-0038703,0.0,Kendell Brooks,FS,TEN,2024
00-0038617,0.0,Amari Burney,OLB,LV,2024
00-0038616,0.0,Christian Braswell,CB,JAX,2024
00-0038615,0.0,Jarrett Patterson,C,HOU,2024
00-0038682,0.0,Mitchell Agude,OLB,DET,2024
00-0038674,0.0,Divaad Wilson,CB,NYG,2024
00-0038666,0.0,DJ Coleman,DE,JAX,2024
00-0038663,0.0,Starling Thomas,CB,ARI,2024
00-0038661,0.0,Chris Smith,DT,DET,2024
00-0038660,0.0,Trevor Nowaske,ILB,DET,2024
00-0038657,0.0,Brandon Joseph,SS,DET,2024
00-0038653,0.0,Cory Durden,DT,NYG,2024
00-0038782,0.0,Eku Leota,OLB,CAR,2024
00-0038778,0.0,Jalen Redmond,DE,MIN,2024
00-0038765,0.0,Ty Okada,SS,SEA,2024
00-0038646,0.0,Alex Austin,CB,NE,2024
00-0038645,0.0,Spencer Anderson,T,PIT,2024
00-0038643,0.0,Brayden Willis,TE,SF,2024
00-0038642,0.0,D.J. Ivey,CB,CIN,2024
00-0038737,0.0,Isaiah Land,DE,IND,2024
00-0038735,0.0,Princeton Fant,TE,DAL,2024
00-0038731,0.0,T.J. Bass,G,DAL,2024
00-0038728,0.0,Jared Wayne,WR,HOU,2024
00-0038724,0.0,Ali Gaye,DE,TEN,2024
00-0038717,0.0,Tanner McCalister,FS,DEN,2024
00-0038715,0.0,Ronnie Hickman,SS,CLE,2024
00-0038711,0.0,Mohamoud Diabate,MLB,CLE,2024
00-0038890,0.0,Shaka Heyward,ILB,CIN,2024
00-0038866,0.0,A.J. Finley,FS,LAC,2024
00-0038853,0.0,Otis Reese,ILB,TEN,2024
00-0038852,0.0,John Ojukwu,T,TEN,2024
00-0038851,0.0,Caleb Murphy,OLB,TEN,2024
00-0039897,0.0,Joe Alt,T,LAC,2024
00-0038823,0.0,Kaevon Merriweather,FS,TB,2024
00-0038696,0.0,Keidron Smith,FS,DEN,2024
00-0038694,0.0,Brandon Pili,NT,MIA,2024
00-0038684,0.0,Ethan Bonner,CB,MIA,2024
00-0038807,0.0,Ivan Pace,ILB,MIN,2024
00-0038801,0.0,Andre Carter,OLB,LV,2024
00-0038796,0.0,Alex Palczewski,T,DEN,2024
00-0038792,0.0,Demontrey Jacobs,T,NE,2024
00-0038791,0.0,Thomas Incoom,OLB,CAR,2024
00-0038788,0.0,Art Green,CB,NYG,2024
00-0031911,0.0,Rick Lovato,LS,PHI,2024
00-0031898,0.0,Alex Singleton,ILB,DEN,2024
00-0038940,0.0,Tyler Lacy,DT,JAX,2024
00-0038939,0.0,Brodric Martin,DT,DET,2024
00-0034333,0.0,Daron Payne,DT,WAS,2024
00-0034320,0.0,Kentavius Street,DT,ATL,2024
00-0034302,0.0,Frankie Luvu,ILB,WAS,2024
00-0034091,0.0,George Odum,FS,SF,2024
00-0034067,0.0,Scott Daly,LS,CHI,2024
00-0034051,0.0,Christian Kuntz,LS,PIT,2024
00-0033995,0.0,Michael Dunn,G,CLE,2024
00-0033964,0.0,Al-Quadin Muhammad,DE,DET,2024
00-0033952,0.0,Grover Stewart,DT,IND,2024
00-0039888,0.0,Quinyon Mitchell,CB,PHI,2024
00-0033551,0.0,Rasul Douglas,CB,BUF,2024
00-0033549,0.0,Duke Riley,ILB,MIA,2024
00-0034264,0.0,Jalyn Holmes,DE,NYJ,2024
00-0034263,0.0,Tarvarius Moore,SS,CHI,2024
00-0038937,0.0,Zacch Pickens,DT,CHI,2024
00-0038936,0.0,Juice Scruggs,C,HOU,2024
00-0038764,0.0,Patrick O'Connell,ILB,SEA,2024
00-0038742,0.0,Tyrus Wheat,DE,DAL,2024
00-0038914,0.0,McClendon Curtis,G,SEA,2024
00-0038908,0.0,Anfernee Orji,ILB,NO,2024
00-0038905,0.0,Blake Grupe,K,NO,2024
00-0038820,0.0,Christian Izien,SS,TB,2024
00-0038817,0.0,Evan Deckers,LS,TB,2024
00-0038966,0.0,Natrone Brooks,CB,ATL,2024
00-0032107,0.0,Angelo Blackson,DT,ARI,2024
00-0032103,0.0,Denzel Perryman,ILB,LAC,2024
00-0032071,0.0,Trenton Brown,T,CIN,2024
00-0032391,0.0,Joe Thuney,G,KC,2024
00-0032388,0.0,Deion Jones,ILB,TB,2024
00-0032387,0.0,Jarran Reed,NT,SEA,2024
00-0031938,0.0,Carl Davis,NT,WAS,2024
00-0031936,0.0,Mitch Morse,C,JAX,2024
00-0031935,0.0,Preston Smith,DE,GB,2024
00-0031933,0.0,Leonard Williams,DT,SEA,2024
00-0031921,0.0,Kendall Lamm,T,MIA,2024
00-0039031,0.0,Adetomiwa Adebawore,DT,IND,2024
00-0039020,0.0,Anthony Bradford,G,SEA,2024
00-0039019,0.0,John Michael Schmitz,C,NYG,2024
00-0038934,0.0,Anton Harrison,T,JAX,2024
00-0038932,0.0,Darnell Wright,T,CHI,2024
00-0038922,0.0,Drake Thomas,ILB,SEA,2024
00-0039007,0.0,Garrett Williams,CB,ARI,2024
00-0039006,0.0,Felix Anudike-Uzomah,DE,KC,2024
00-0039004,0.0,Carter Warren,T,NYJ,2024
00-0039003,0.0,Drew Sanders,OLB,DEN,2024
00-0039002,0.0,Sydney Brown,SS,PHI,2024
00-0039001,0.0,Tyler Steen,G,PHI,2024
00-0039000,0.0,Deonte Banks,CB,NYG,2024
00-0038995,0.0,Bryan Bresee,DT,NO,2024
00-0038985,0.0,Keondre Coburn,NT,TEN,2024
00-0039072,0.0,Jakorian Bennett,CB,LV,2024
00-0039071,0.0,Tyrique Stevenson,CB,CHI,2024
00-0039070,0.0,Gervon Dexter,DT,CHI,2024
00-0039068,0.0,YaYa Diaby,OLB,TB,2024
00-0039063,0.0,Calijah Kancey,DE,TB,2024
00-0039061,0.0,Desjuan Johnson,DT,LA,2024
00-0039059,0.0,Ethan Evans,P,LA,2024
00-0038984,0.0,Kei'Trel Clark,CB,ARI,2024
00-0038982,0.0,Chamarri Conner,FS,KC,2024
00-0038980,0.0,Zach Harrison,DE,ATL,2024
00-0039051,0.0,Josh Hayes,CB,TB,2024
00-0039049,0.0,SirVocea Dennis,ILB,TB,2024
00-0039048,0.0,Matthew Bergeron,G,ATL,2024
00-0039047,0.0,Derick Hall,OLB,SEA,2024
00-0039034,0.0,Peter Skoronski,G,TEN,2024
00-0031581,0.0,Mark Glowinski,G,IND,2024
00-0031580,0.0,Shaquille Mason,G,HOU,2024
00-0031576,0.0,Za'Darius Smith,DE,CLE,2024
00-0039140,0.0,Kelee Ringo,CB,PHI,2024
00-0039138,0.0,Kobie Turner,NT,LA,2024
00-0039137,0.0,Byron Young,OLB,LA,2024
00-0039135,0.0,Ochaun Mathis,OLB,NE,2024
00-0039133,0.0,Cam Smith,CB,MIA,2024
00-0039112,0.0,Lukas Van Ness,DE,GB,2024
00-0039111,0.0,Tuli Tuipulotu,DE,LAC,2024
00-0039110,0.0,Keeanu Benton,DT,PIT,2024
00-0039018,0.0,Jack Campbell,ILB,DET,2024
00-0039014,0.0,Dawand Jones,T,CLE,2024
00-0039013,0.0,Nolan Smith,OLB,PHI,2024
00-0039009,0.0,Dylan Horton,DE,HOU,2024
00-0039053,0.0,Jose Ramirez,OLB,TB,2024
00-0039143,0.0,Isaiah Foskey,DE,NO,2024
00-0039142,0.0,Will McDonald,OLB,NYJ,2024
00-0039141,0.0,Brian Branch,SS,DET,2024
00-0031795,0.0,DeShawn Williams,DE,CAR,2024
00-0031785,0.0,Troy Hill,CB,CAR,2024
00-0032228,0.0,Joe Cardona,LS,NE,2024
00-0032222,0.0,D.J. Humphries,T,KC,2024
00-0032195,0.0,Ronald Darby,CB,JAX,2024
00-0031587,0.0,Bobby McCain,SS,MIN,2024
00-0031583,0.0,Grady Jarrett,DT,ATL,2024
00-0039241,0.0,Beau Brade,FS,BAL,2024
00-0039109,0.0,Broderick Jones,T,PIT,2024
00-0039108,0.0,Will Anderson,DE,HOU,2024
00-0039077,0.0,Warren McClendon,T,LA,2024
00-0039076,0.0,Nick Hampton,OLB,LA,2024
00-0039232,0.0,Nate Wiggins,CB,BAL,2024
00-0039230,0.0,Dante Miller,RB,NYG,2024
00-0039172,0.0,Jake Bates,K,DET,2024
00-0039169,0.0,Devon Witherspoon,CB,SEA,2024
00-0039167,0.0,Joey Porter,CB,PIT,2024
00-0039157,0.0,Cody Mauch,G,TB,2024
00-0039156,0.0,Julius Brents,CB,IND,2024
00-0039151,0.0,Emmanuel Forbes,CB,WAS,2024
00-0039058,0.0,Steve Avila,G,LA,2024
00-0039054,0.0,Marte Mapu,ILB,NE,2024
00-0039324,0.0,Christian Roland-Wallace,CB,KC,2024
00-0039149,0.0,Quan Martin,FS,WAS,2024
00-0039148,0.0,Keion White,DE,NE,2024
00-0039147,0.0,Christian Gonzalez,CB,NE,2024
00-0034203,0.0,Darious Williams,CB,LA,2024
00-0033929,0.0,Montravius Adams,NT,PIT,2024
00-0033928,0.0,Jourdan Lewis,CB,DAL,2024
00-0033927,0.0,John Johnson,SS,LA,2024
00-0033926,0.0,Shaquill Griffin,CB,MIN,2024
00-0033918,0.0,Fabian Moreau,CB,MIN,2024
00-0033914,0.0,Alex Anzalone,ILB,DET,2024
00-0033913,0.0,Chris Wormley,DE,BAL,2024
00-0033907,0.0,Dawuane Smoot,DE,BUF,2024
00-0034116,0.0,J.T. Gray,SS,NO,2024
00-0034160,0.0,Michael Dickson,P,SEA,2024
00-0034158,0.0,Brian O'Neill,T,MIN,2024
00-0034145,0.0,Chris Lammons,CB,IND,2024
00-0034125,0.0,Kendal Vickers,DT,NO,2024
00-0034337,0.0,Greg Stroman,CB,NYG,2024
00-0039145,0.0,Joe Tippmann,C,NYJ,2024
00-0039312,0.0,Miles Battle,DB,NE,2024
00-0039309,0.0,Byron Murphy,DT,SEA,2024
00-0039306,0.0,Dee Williams,CB,SEA,2024
00-0039292,0.0,Shemar Bartholomew,CB,CAR,2024
00-0039291,0.0,Eric Watts,DE,NYJ,2024
00-0039289,0.0,Leonard Taylor,DT,NYJ,2024
00-0039285,0.0,Jarius Monroe,FS,NYJ,2024
00-0039284,0.0,Braiden McGregor,DE,NYJ,2024
00-0039267,0.0,Andre' Sam,FS,PHI,2024
00-0039354,0.0,McKinnley Jackson,DT,CIN,2024
00-0039353,0.0,Jarrian Jones,CB,JAX,2024
00-0039352,0.0,Marist Liufau,ILB,DAL,2024
00-0039235,0.0,Sanoussi Kane,SS,BAL,2024
00-0039234,0.0,T.J. Tampa,CB,BAL,2024
00-0039233,0.0,Roger Rosengarten,T,BAL,2024
00-0039347,0.0,Trevin Wallace,ILB,CAR,2024
00-0039346,0.0,Junior Colson,OLB,LAC,2024
00-0039345,0.0,Renardo Green,CB,SF,2024
00-0039343,0.0,Kamari Lassiter,CB,HOU,2024
00-0039341,0.0,Tyler Guyton,T,DAL,2024
00-0039340,0.0,Laiatu Latu,DE,IND,2024
00-0039339,0.0,Taliese Fuaga,T,NO,2024
00-0039333,0.0,Brandon Codrington,CB,BUF,2024
00-0039377,0.0,Jaylon Carlies,MLB,IND,2024
00-0039375,0.0,Josh Newton,CB,CIN,2024
00-0039374,0.0,Tommy Eichenberg,MLB,LV,2024
00-0039372,0.0,Jarvis Brownlee,CB,TEN,2024
00-0039371,0.0,Kris Abrams-Draine,CB,DEN,2024
00-0039370,0.0,J.D. Bertrand,ILB,ATL,2024
00-0039369,0.0,Cam Hart,CB,LAC,2024
00-0039323,0.0,Ryan Rehkow,P,CIN,2024
00-0039318,0.0,Curtis Jacobs,ILB,NE,2024
00-0039316,0.0,Baylor Cupp,TE,KC,2024
00-0039313,0.0,Swayze Bozeman,ILB,KC,2024
00-0039360,0.0,Malik Mustapha,FS,SF,2024
00-0039358,0.0,Mason McCormick,G,PIT,2024
00-0039357,0.0,Decamerion Richardson,CB,LV,2024
00-0039401,0.0,Khristian Boyd,DT,NO,2024
00-0039400,0.0,Zion Logue,DE,BUF,2024
00-0039396,0.0,Mekhi Wingo,DT,DET,2024
00-0039395,0.0,Jamal Hill,ILB,HOU,2024
00-0039390,0.0,Marcellas Dial,CB,NE,2024
00-0039388,0.0,Jaylan Ford,ILB,NO,2024
00-0039350,0.0,Zak Zinter,G,CLE,2024
00-0039349,0.0,Delmar Glaze,T,LV,2024
00-0039348,0.0,Cooper Beebe,C,DAL,2024
00-0039380,0.0,Chau Smith-Wade,CB,CAR,2024
00-0039378,0.0,Deantre Prince,CB,JAX,2024
00-0039427,0.0,Solomon Byrd,DE,HOU,2024
00-0039426,0.0,Matt Lee,C,CIN,2024
00-0039425,0.0,Myles Cole,DE,JAX,2024
00-0039423,0.0,Jonah Laulu,DT,LV,2024
00-0039421,0.0,Levi Drake Rodriguez,DT,MIN,2024
00-0039417,0.0,Myles Harden,CB,CLE,2024
00-0039414,0.0,Daijahn Anthony,FS,CIN,2024
00-0039412,0.0,Javontae Jean-Baptiste,DE,WAS,2024
00-0039409,0.0,Cam Little,K,JAX,2024
00-0039368,0.0,Jordan Magee,OLB,WAS,2024
00-0039367,0.0,Xavier Thomas,OLB,ARI,2024
00-0039366,0.0,Tarheeb Still,CB,LAC,2024
00-0039404,0.0,Will Reichard,K,MIN,2024
00-0039402,0.0,Jaden Crumedy,DT,CAR,2024
00-0039481,0.0,Storm Duck,CB,MIA,2024
00-0039477,0.0,Jack Browning,P,TB,2024
00-0039472,0.0,Mike Edwards,G,BUF,2024
00-0039465,0.0,Reddy Steward,CB,CHI,2024
00-0039458,0.0,Brenden Bates,TE,CLE,2024
00-0033892,0.0,Marcus Maye,FS,MIA,2024
00-0033890,0.0,Budda Baker,SS,ARI,2024
00-0033889,0.0,Cam Robinson,T,JAX,2024
00-0033886,0.0,T.J. Watt,OLB,PIT,2024
00-0033884,0.0,Tre'Davious White,CB,LA,2024
00-0033883,0.0,Jabrill Peppers,SS,NE,2024
00-0033941,0.0,Rayshawn Jenkins,SS,SEA,2024
00-0033935,0.0,Trey Hendrickson,DE,CIN,2024
00-0033930,0.0,Cameron Sutton,CB,PIT,2024
00-0033875,0.0,Haason Reddick,OLB,NYJ,2024
00-0033947,0.0,Deatrich Wise,DE,NE,2024
00-0034248,0.0,Elijah Campbell,SS,MIA,2024
00-0034234,0.0,Poona Ford,DE,LAC,2024
00-0039457,0.0,Jacoby Windmon,LB,CAR,2024
00-0039454,0.0,Beanie Bishop,CB,PIT,2024
00-0039453,0.0,Morice Norris,DB,DET,2024
00-0039450,0.0,Isaac Ukwu,DE,DET,2024
00-0039445,0.0,Hogan Hatten,LS,DET,2024
00-0039436,0.0,Jaylen Harrell,OLB,TEN,2024
00-0039387,0.0,Caelen Carson,CB,DAL,2024
00-0039385,0.0,Keilan Robinson,RB,JAX,2024
00-0039430,0.0,James Williams,ILB,TEN,2024
00-0039587,0.0,Antonio Grier,ILB,TB,2024
00-0039586,0.0,Tyrek Funderburk,CB,TB,2024
00-0039578,0.0,Dalton Tucker,G,IND,2024
00-0039576,0.0,Spencer Shrader,K,IND,2024
00-0039565,0.0,Levelle Bailey,ILB,DEN,2024
00-0039539,0.0,Amari Gainer,OLB,LV,2024
00-0039532,0.0,Julius Wood,FS,TEN,2024
00-0039521,0.0,Xavier Weaver,WR,ARI,2024
00-0039515,0.0,Winston Reid,ILB,CLE,2024
00-0039408,0.0,Christian Mahogany,G,DET,2024
00-0039406,0.0,Nathaniel Watson,ILB,CLE,2024
00-0039494,0.0,Kenny Dyson,OLB,CAR,2024
00-0039640,0.0,Khalid Duke,DE,TEN,2024
00-0039637,0.0,Maema Njongmeta,ILB,CIN,2024
00-0039624,0.0,Kyle Hergel,G,NO,2024
00-0039622,0.0,Isaiah Stalbird,ILB,NO,2024
00-0039620,0.0,Rico Payton,CB,NO,2024
00-0039610,0.0,Millard Bradford,FS,NO,2024
00-0039852,0.0,Jared Verse,OLB,LA,2024
00-0039435,0.0,Tatum Bethune,MLB,SF,2024
00-0039431,0.0,Jowon Briggs,DT,CLE,2024
00-0039595,0.0,D.J. Williams,RB,TB,2024
00-0039720,0.0,Taki Taimani,NT,MIN,2024
00-0039718,0.0,Bo Richter,OLB,MIN,2024
00-0039715,0.0,Gabriel Murphy,OLB,MIN,2024
00-0039714,0.0,Dwight McGlothern,CB,MIN,2024
00-0033862,0.0,Zane Gonzalez,K,WAS,2024
00-0033860,0.0,Davon Godchaux,NT,NE,2024
00-0033831,0.0,Andrew Wylie,T,WAS,2024
00-0033905,0.0,Larry Ogunjobi,DT,PIT,2024
00-0033904,0.0,Dion Dawkins,T,BUF,2024
00-0033902,0.0,Tanoh Kpassagnon,DE,NO,2024
00-0033901,0.0,Ethan Pocic,C,CLE,2024
00-0033782,0.0,DeMarcus Walker,DE,CHI,2024
00-0033770,0.0,Justin Hardee,CB,TEN,2024
00-0033752,0.0,Storm Norton,T,ATL,2024
00-0034114,0.0,Coleman Shelton,C,CHI,2024
00-0034096,0.0,Emmanuel Moseley,CB,DET,2024
00-0033894,0.0,Marcus Williams,FS,BAL,2024
00-0039707,0.0,Dallas Gant,ILB,PHI,2024
00-0039697,0.0,Jaylen Mahoney,FS,SF,2024
00-0039696,0.0,Evan Anderson,DT,SF,2024
00-0039934,0.0,Jude McAtamney,K,NYG,2024
00-0039686,0.0,Colson Yankoff,RB,WAS,2024
00-0039681,0.0,Tyler Owens,SS,WAS,2024
00-0039660,0.0,Thomas Harper,FS,LV,2024
00-0039510,0.0,Casey Rogers,DT,NYG,2024
00-0039508,0.0,Jake Kubas,G,NYG,2024
00-0039649,0.0,Brayden Narveson,K,GB,2024
00-0039753,0.0,Beaux Limmer,C,LA,2024
00-0039752,0.0,Cedric Johnson,DE,CIN,2024
00-0039750,0.0,Joshua Karty,K,LA,2024
00-0039749,0.0,Tyler Davis,DE,LA,2024
00-0039745,0.0,Tory Taylor,P,CHI,2024
00-0039744,0.0,Tanor Bortolini,C,IND,2024
00-0039743,0.0,Jordan Jefferson,DT,JAX,2024
00-0039741,0.0,Payton Wilson,ILB,PIT,2024
00-0039740,0.0,Jalyx Hunt,OLB,PHI,2024
00-0039736,0.0,Matt Goncalves,T,IND,2024
00-0039601,0.0,Demani Richardson,SS,CAR,2024
00-0039734,0.0,Braden Fiske,DT,LA,2024
00-0039733,0.0,Ruke Orhorhoro,DE,ATL,2024
00-0031492,0.0,Jason Myers,K,SEA,2024
00-0031426,0.0,Joel Bitonio,G,CLE,2024
00-0031411,0.0,Demarcus Lawrence,DE,DAL,2024
00-0039925,0.0,Amarius Mims,T,CIN,2024
00-0039924,0.0,Dallas Turner,OLB,MIN,2024
00-0039780,0.0,Cam Lampkin,CB,LA,2024
00-0039776,0.0,Jaylen McCollough,FS,LA,2024
00-0039774,0.0,Omar Speights,ILB,LA,2024
00-0039772,0.0,Josh Wallace,CB,LA,2024
00-0039770,0.0,Charles Woods,CB,LA,2024
00-0039764,0.0,Elijah Chatman,DT,NYG,2024
00-0039763,0.0,Joe Andreessen,OLB,BUF,2024
00-0039735,0.0,Jackson Powers-Johnson,G,LV,2024
00-0039791,0.0,Adisa Isaac,OLB,BAL,2024
00-0039790,0.0,Olu Fashanu,T,NYJ,2024
00-0039789,0.0,Qwan'tez Stiggers,CB,NYJ,2024
00-0039784,0.0,Justin Dedich,G,LA,2024
00-0031565,0.0,Danielle Hunter,DE,HOU,2024
00-0031557,0.0,Jordan Phillips,DT,DAL,2024
00-0031554,0.0,Eric Kendricks,ILB,DAL,2024
00-0031551,0.0,Eddie Goldman,NT,ATL,2024
00-0032065,0.0,Bradley Pinion,P,ATL,2024
00-0032053,0.0,Brandon Scherff,G,JAX,2024
00-0032052,0.0,Dante Fowler,OLB,WAS,2024
00-0031957,0.0,Rakeem Nunez-Roches,NT,NYG,2024
00-0031500,0.0,Efe Obada,DE,WAS,2024
00-0039889,0.0,Maason Smith,DT,JAX,2024
00-0039822,0.0,Kiran Amegadjie,T,CHI,2024
00-0039819,0.0,Travis Glover,T,GB,2024
00-0039818,0.0,Kitan Oladapo,FS,GB,2024
00-0039815,0.0,Tyrice Knight,MLB,SEA,2024
00-0039813,0.0,Evan Williams,SS,GB,2024
00-0039812,0.0,Ty'Ron Hopper,ILB,GB,2024
00-0039809,0.0,Jonah Elliss,OLB,DEN,2024
00-0039808,0.0,Isaiah Adams,G,ARI,2024
00-0039807,0.0,Max Melton,CB,ARI,2024
00-0039799,0.0,Sataoa Laumea,T,SEA,2024
00-0039850,0.0,Edgerrin Cooper,ILB,GB,2024
00-0039846,0.0,Tykee Smith,SS,TB,2024
00-0039844,0.0,Kingsley Suamataia,T,KC,2024
00-0039795,0.0,Nehemiah Pritchett,CB,SEA,2024
00-0039841,0.0,Cooper DeJean,CB,PHI,2024
00-0039840,0.0,Austin Booker,DE,CHI,2024
00-0039839,0.0,Christian Haynes,G,SEA,2024
00-0039838,0.0,Calen Bullock,SS,HOU,2024
00-0039836,0.0,Brennan Jackson,OLB,LA,2024
00-0039835,0.0,Justin Eboigbe,DE,LAC,2024
00-0039834,0.0,Kamren Kinchens,FS,LA,2024
00-0039833,0.0,C.J. Hanson,G,KC,2024
00-0039831,0.0,Kamal Hadden,CB,GB,2024
00-0039830,0.0,Dylan McMahon,C,LA,2024
00-0039829,0.0,Darius Muasau,ILB,NYG,2024
00-0039826,0.0,Jeremiah Trotter,ILB,PHI,2024
00-0039900,0.0,Marshawn Kneeland,DE,DAL,2024
00-0039873,0.0,DeWayne Carter,DT,BUF,2024
00-0039872,0.0,Cole Bishop,CB,BUF,2024
00-0039867,0.0,Javon Bullard,SS,GB,2024
00-0026190,0.0,Calais Campbell,DE,MIA,2024
00-0027969,0.0,Cameron Heyward,DT,PIT,2024
00-0027962,0.0,Cameron Jordan,DE,NO,2024
00-0027872,0.0,Kareem Jackson,SS,BUF,2024
00-0027865,0.0,Brandon Graham,DE,PHI,2024
00-0027857,0.0,Trent Williams,T,SF,2024
00-0027557,0.0,Morgan Cox,LS,TEN,2024
00-0027114,0.0,Thomas Morstead,P,NYJ,2024
00-0026858,0.0,Graham Gano,K,NYG,2024
00-0028924,0.0,Tashaun Gipson,FS,SF,2024
00-0033729,0.0,Cameron Johnston,P,PIT,2024
00-0033702,0.0,Younghoe Koo,K,ATL,2024
00-0033697,0.0,Michael Davis,CB,WAS,2024
00-0027947,0.0,Tyron Smith,T,NYJ,2024
00-0039878,0.0,Edefuan Ulofoshio,MLB,BUF,2024
00-0039877,0.0,Mohamed Kamara,OLB,MIA,2024
00-0039842,0.0,Michael Jerrell,T,SEA,2024
00-0031740,0.0,Neville Hewitt,ILB,HOU,2024
00-0033746,0.0,Alex Barrett,DE,SF,2024
00-0031608,0.0,Quandre Diggs,FS,TEN,2024
00-0039862,0.0,Ennis Rakestraw,CB,DET,2024
00-0039905,0.0,Graham Barton,C,TB,2024
00-0039904,0.0,Jordan Morgan,T,GB,2024
00-0039903,0.0,Terrion Arnold,CB,DET,2024
00-0028872,0.0,Johnny Hekker,P,CAR,2024
00-0039899,0.0,Patrick Paul,T,MIA,2024
00-0029255,0.0,Bobby Wagner,ILB,WAS,2024
00-0039898,0.0,Mike Sainristil,CB,WAS,2024
00-0028845,0.0,Josh Harris,LS,LAC,2024
00-0028292,0.0,Nick Bellore,ILB,WAS,2024
00-0028171,0.0,Lawrence Guy,DT,CIN,2024
00-0027940,0.0,Von Miller,DE,BUF,2024
00-0027885,0.0,Linval Joseph,NT,DAL,2024
00-0039887,0.0,Layden Robinson,G,NE,2024
00-0031550,0.0,Shaq Thompson,ILB,CAR,2024
00-0039913,0.0,Brandon Coleman,T,WAS,2024
00-0039911,0.0,Chop Robinson,OLB,MIA,2024
00-0039908,0.0,Kris Jenkins,DT,CIN,2024
00-0039906,0.0,Jer'Zhan Newton,DT,WAS,2024
00-0027881,0.0,Jerry Hughes,DE,HOU,2024
00-0023853,0.0,Matt Prater,K,ARI,2024
00-0039614,-0.1,Jermaine Jackson,WR,NO,2024
00-0039896,-0.2,Zach Frazier,C,PIT,2024
00-0034488,-0.2,Tavierre Thomas,CB,TB,2024
00-0035100,-0.2,Jake Browning,QB,CIN,2024
00-0036928,-0.2,Kyle Trask,QB,TB,2024
00-0038416,-0.26,Tyson Bagent,QB,CHI,2024
00-0039351,-0.3,Dominick Puni,G,SF,2024
00-0036913,-0.39999999999999997,Kadarius Toney,WR,CLE,2024
00-0037077,-0.84,Sam Howell,QB,SEA,2024
00-0037284,-1.8,Matt Araiza,P,KC,2024
00-0039407,-2.0,Dylan Laube,RB,LV,2024
00-0038582,-2.08,Clayton Tune,QB,ARI,2024
